z_m,potential_v,electric_field_v_m,charge_c_m3
  0.0000000000E+00, -4.2377557204E+00, -3.2781461544E-01, -5.3823308983E-14
  2.5841433535E-02, -4.2292833882E+00, -3.2788465408E-01, -9.3171818292E-15
  5.1654578091E-02, -4.2208195336E+00, -3.2788615774E-01,  7.1825103016E-15
  7.7443427681E-02, -4.2123641567E+00, -3.2784712776E-01,  1.9123847274E-14
  1.0321075066E-01, -4.2039172574E+00, -3.2777707782E-01,  2.8723542239E-14
  1.2895874651E-01, -4.1954788357E+00, -3.2768146199E-01,  3.6837502387E-14
  1.5468926155E-01, -4.1870488917E+00, -3.2756393175E-01,  4.3903366243E-14
  1.8040389570E-01, -4.1786274253E+00, -3.2742714706E-01,  5.0180344898E-14
  2.0610406473E-01, -4.1702144365E+00, -3.2727315289E-01,  5.5836837582E-14
  2.3179104052E-01, -4.1618099253E+00, -3.2710358175E-01,  6.0989477940E-14
  2.5746597875E-01, -4.1534138918E+00, -3.2691977365E-01,  6.5722943543E-14
  2.8312993902E-01, -4.1450263359E+00, -3.2672285239E-01,  7.0100977652E-14
  3.0878389985E-01, -4.1366472577E+00, -3.2651377671E-01,  7.4172962688E-14
  3.3442877040E-01, -4.1282766570E+00, -3.2629337597E-01,  7.7978059678E-14
  3.6006539966E-01, -4.1199145340E+00, -3.2606237596E-01,  8.1547931572E-14
  3.8569458391E-01, -4.1115608887E+00, -3.2582141809E-01,  8.4908600668E-14
  4.1131707284E-01, -4.1032157209E+00, -3.2557107398E-01,  8.8081754358E-14
  4.3693357458E-01, -4.0948790308E+00, -3.2531185670E-01,  9.1085686975E-14
  4.6254476005E-01, -4.0865508183E+00, -3.2504422978E-01,  9.3935994403E-14
  4.8815126654E-01, -4.0782310835E+00, -3.2476861428E-01,  9.6646096350E-14
  5.1375370087E-01, -4.0699198263E+00, -3.2448539460E-01,  9.9227635765E-14
  5.3935264206E-01, -4.0616170467E+00, -3.2419492329E-01,  1.0169078894E-13
  5.6494864373E-01, -4.0533227448E+00, -3.2389752491E-01,  1.0404450951E-13
  5.9054223614E-01, -4.0450369204E+00, -3.2359349941E-01,  1.0629672281E-13
  6.1613392802E-01, -4.0367595737E+00, -3.2328312487E-01,  1.0845448237E-13
  6.4172420822E-01, -4.0284907047E+00, -3.2296665991E-01,  1.1052409709E-13
  6.6731354711E-01, -4.0202303133E+00, -3.2264434567E-01,  1.1251123573E-13
  6.9290239792E-01, -4.0119783995E+00, -3.2231640763E-01,  1.1442101324E-13
  7.1849119788E-01, -4.0037349633E+00, -3.2198305707E-01,  1.1625806279E-13
  7.4408036929E-01, -3.9955000048E+00, -3.2164449243E-01,  1.1802659624E-13
  7.6967032046E-01, -3.9872735238E+00, -3.2130090047E-01,  1.1973045518E-13
  7.9526144660E-01, -3.9790555206E+00, -3.2095245727E-01,  1.2137315442E-13
  8.2085413059E-01, -3.9708459949E+00, -3.2059932916E-01,  1.2295791903E-13
  8.4644874372E-01, -3.9626449469E+00, -3.2024167351E-01,  1.2448771630E-13
  8.7204564634E-01, -3.9544523765E+00, -3.1987963943E-01,  1.2596528327E-13
  8.9764518848E-01, -3.9462682838E+00, -3.1951336844E-01,  1.2739315060E-13
  9.2324771043E-01, -3.9380926687E+00, -3.1914299504E-01,  1.2877366340E-13
  9.4885354322E-01, -3.9299255312E+00, -3.1876864719E-01,  1.3010899944E-13
  9.7446300914E-01, -3.9217668713E+00, -3.1839044682E-01,  1.3140118512E-13
  1.0000764222E+00, -3.9136166891E+00, -3.1800851024E-01,  1.3265210958E-13
  1.0256940884E+00, -3.9054749845E+00, -3.1762294849E-01,  1.3386353715E-13
  1.0513163064E+00, -3.8973417575E+00, -3.1723386776E-01,  1.3503711838E-13
  1.0769433677E+00, -3.8892170082E+00, -3.1684136961E-01,  1.3617439988E-13
  1.1025755567E+00, -3.8811007365E+00, -3.1644555136E-01,  1.3727683310E-13
  1.1282131518E+00, -3.8729929424E+00, -3.1604650629E-01,  1.3834578220E-13
  1.1538564247E+00, -3.8648936259E+00, -3.1564432391E-01,  1.3938253104E-13
  1.1795056415E+00, -3.8568027871E+00, -3.1523909016E-01,  1.4038828956E-13
  1.2051610626E+00, -3.8487204259E+00, -3.1483088767E-01,  1.4136419945E-13
  1.2308229428E+00, -3.8406465424E+00, -3.1441979590E-01,  1.4231133938E-13
  1.2564915318E+00, -3.8325811365E+00, -3.1400589131E-01,  1.4323072958E-13
  1.2821670745E+00, -3.8245242082E+00, -3.1358924760E-01,  1.4412333616E-13
  1.3078498109E+00, -3.8164757575E+00, -3.1316993576E-01,  1.4499007492E-13
  1.3335399762E+00, -3.8084357845E+00, -3.1274802427E-01,  1.4583181488E-13
  1.3592378016E+00, -3.8004042891E+00, -3.1232357925E-01,  1.4664938148E-13
  1.3849435138E+00, -3.7923812713E+00, -3.1189666451E-01,  1.4744355953E-13
  1.4106573355E+00, -3.7843667312E+00, -3.1146734174E-01,  1.4821509588E-13
  1.4363794856E+00, -3.7763606687E+00, -3.1103567056E-01,  1.4896470186E-13
  1.4621101793E+00, -3.7683630838E+00, -3.1060170864E-01,  1.4969305561E-13
  1.4878496278E+00, -3.7603739765E+00, -3.1016551182E-01,  1.5040080408E-13
  1.5135980393E+00, -3.7523933469E+00, -3.0972713415E-01,  1.5108856503E-13
  1.5393556182E+00, -3.7444211949E+00, -3.0928662800E-01,  1.5175692873E-13
  1.5651225662E+00, -3.7364575206E+00, -3.0884404412E-01,  1.5240645966E-13
  1.5908990813E+00, -3.7285023239E+00, -3.0839943173E-01,  1.5303769799E-13
  1.6166853590E+00, -3.7205556048E+00, -3.0795283859E-01,  1.5365116098E-13
  1.6424815914E+00, -3.7126173633E+00, -3.0750431103E-01,  1.5424734429E-13
  1.6682879683E+00, -3.7046875995E+00, -3.0705389406E-01,  1.5482672323E-13
  1.6941046764E+00, -3.6967663133E+00, -3.0660163138E-01,  1.5538975380E-13
  1.7199319000E+00, -3.6888535047E+00, -3.0614756546E-01,  1.5593687382E-13
  1.7457698208E+00, -3.6809491738E+00, -3.0569173760E-01,  1.5646850386E-13
  1.7716186180E+00, -3.6730533205E+00, -3.0523418794E-01,  1.5698504816E-13
  1.7974784685E+00, -3.6651659448E+00, -3.0477495553E-01,  1.5748689550E-13
  1.8233495470E+00, -3.6572870467E+00, -3.0431407841E-01,  1.5797441994E-13
  1.8492320257E+00, -3.6494166263E+00, -3.0385159356E-01,  1.5844798166E-13
  1.8751260751E+00, -3.6415546835E+00, -3.0338753702E-01,  1.5890792754E-13
  1.9010318631E+00, -3.6337012184E+00, -3.0292194389E-01,  1.5935459190E-13
  1.9269495560E+00, -3.6258562309E+00, -3.0245484839E-01,  1.5978829710E-13
  1.9528793180E+00, -3.6180197210E+00, -3.0198628385E-01,  1.6020935406E-13
  1.9788213114E+00, -3.6101916887E+00, -3.0151628279E-01,  1.6061806288E-13
  2.0047756966E+00, -3.6023721341E+00, -3.0104487691E-01,  1.6101471328E-13
  2.0307426324E+00, -3.5945610571E+00, -3.0057209714E-01,  1.6139958513E-13
  2.0567222758E+00, -3.5867584577E+00, -3.0009797368E-01,  1.6177294886E-13
  2.0827147820E+00, -3.5789643360E+00, -2.9962253599E-01,  1.6213506592E-13
  2.1087203049E+00, -3.5711786919E+00, -2.9914581284E-01,  1.6248618916E-13
  2.1347389964E+00, -3.5634015254E+00, -2.9866783235E-01,  1.6282656321E-13
  2.1607710073E+00, -3.5556328365E+00, -2.9818862195E-01,  1.6315642485E-13
  2.1868164866E+00, -3.5478726253E+00, -2.9770820847E-01,  1.6347600334E-13
  2.2128755821E+00, -3.5401208917E+00, -2.9722661814E-01,  1.6378552073E-13
  2.2389484399E+00, -3.5323776358E+00, -2.9674387659E-01,  1.6408519220E-13
  2.2650352052E+00, -3.5246428574E+00, -2.9626000888E-01,  1.6437522628E-13
  2.2911360214E+00, -3.5169165568E+00, -2.9577503952E-01,  1.6465582522E-13
  2.3172510310E+00, -3.5091987337E+00, -2.9528899250E-01,  1.6492718513E-13
  2.3433803750E+00, -3.5014893883E+00, -2.9480189129E-01,  1.6518949634E-13
  2.3695241934E+00, -3.4937885205E+00, -2.9431375885E-01,  1.6544294354E-13
  2.3956826249E+00, -3.4860961303E+00, -2.9382461767E-01,  1.6568770607E-13
  2.4218558070E+00, -3.4784122177E+00, -2.9333448976E-01,  1.6592395808E-13
  2.4480438762E+00, -3.4707367828E+00, -2.9284339668E-01,  1.6615186876E-13
  2.4742469681E+00, -3.4630698256E+00, -2.9235135955E-01,  1.6637160250E-13
  2.5004652168E+00, -3.4554113459E+00, -2.9185839906E-01,  1.6658331914E-13
  2.5266987558E+00, -3.4477613439E+00, -2.9136453548E-01,  1.6678717403E-13
  2.5529477175E+00, -3.4401198195E+00, -2.9086978868E-01,  1.6698331832E-13
  2.5792122331E+00, -3.4324867728E+00, -2.9037417814E-01,  1.6717189900E-13
  2.6054924333E+00, -3.4248622036E+00, -2.8987772295E-01,  1.6735305914E-13
  2.6317884475E+00, -3.4172461121E+00, -2.8938044185E-01,  1.6752693799E-13
  2.6581004045E+00, -3.4096384983E+00, -2.8888235319E-01,  1.6769367112E-13
  2.6844284320E+00, -3.4020393620E+00, -2.8838347498E-01,  1.6785339054E-13
  2.7107726570E+00, -3.3944487034E+00, -2.8788382492E-01,  1.6800622487E-13
  2.7371332057E+00, -3.3868665225E+00, -2.8738342033E-01,  1.6815229939E-13
  2.7635102035E+00, -3.3792928191E+00, -2.8688227824E-01,  1.6829173622E-13
  2.7899037750E+00, -3.3717275934E+00, -2.8638041536E-01,  1.6842465438E-13
  2.8163140440E+00, -3.3641708453E+00, -2.8587784810E-01,  1.6855116993E-13
  2.8427411338E+00, -3.3566225749E+00, -2.8537459255E-01,  1.6867139604E-13
  2.8691851667E+00, -3.3490827821E+00, -2.8487066454E-01,  1.6878544310E-13
  2.8956462645E+00, -3.3415514669E+00, -2.8436607959E-01,  1.6889341882E-13
  2.9221245483E+00, -3.3340286293E+00, -2.8386085298E-01,  1.6899542830E-13
  2.9486201385E+00, -3.3265142694E+00, -2.8335499969E-01,  1.6909157413E-13
  2.9751331549E+00, -3.3190083871E+00, -2.8284853445E-01,  1.6918195646E-13
  3.0016637167E+00, -3.3115109824E+00, -2.8234147174E-01,  1.6926667307E-13
  3.0282119426E+00, -3.3040220554E+00, -2.8183382580E-01,  1.6934581947E-13
  3.0547779505E+00, -3.2965416060E+00, -2.8132561060E-01,  1.6941948896E-13
  3.0813618579E+00, -3.2890696342E+00, -2.8081683990E-01,  1.6948777269E-13
  3.1079637817E+00, -3.2816061401E+00, -2.8030752722E-01,  1.6955075973E-13
  3.1345838382E+00, -3.2741511236E+00, -2.7979768586E-01,  1.6960853713E-13
  3.1612221434E+00, -3.2667045847E+00, -2.7928732890E-01,  1.6966119001E-13
  3.1878788127E+00, -3.2592665234E+00, -2.7877646920E-01,  1.6970880156E-13
  3.2145539608E+00, -3.2518369398E+00, -2.7826511941E-01,  1.6975145317E-13
  3.2412477021E+00, -3.2444158338E+00, -2.7775329199E-01,  1.6978922443E-13
  3.2679601507E+00, -3.2370032055E+00, -2.7724099919E-01,  1.6982219318E-13
  3.2946914201E+00, -3.2295990548E+00, -2.7672825306E-01,  1.6985043562E-13
  3.3214416232E+00, -3.2222033817E+00, -2.7621506547E-01,  1.6987402628E-13
  3.3482108727E+00, -3.2148161862E+00, -2.7570144811E-01,  1.6989303814E-13
  3.3749992809E+00, -3.2074374684E+00, -2.7518741246E-01,  1.6990754260E-13
  3.4018069596E+00, -3.2000672282E+00, -2.7467296986E-01,  1.6991760960E-13
  3.4286340203E+00, -3.1927054656E+00, -2.7415813146E-01,  1.6992330762E-13
  3.4554805741E+00, -3.1853521806E+00, -2.7364290822E-01,  1.6992470371E-13
  3.4823467317E+00, -3.1780073733E+00, -2.7312731097E-01,  1.6992186355E-13
  3.5092326035E+00, -3.1706710436E+00, -2.7261135035E-01,  1.6991485151E-13
  3.5361382994E+00, -3.1633431916E+00, -2.7209503686E-01,  1.6990373062E-13
  3.5630639294E+00, -3.1560238172E+00, -2.7157838082E-01,  1.6988856267E-13
  3.5900096027E+00, -3.1487129204E+00, -2.7106139243E-01,  1.6986940823E-13
  3.6169754284E+00, -3.1414105012E+00, -2.7054408173E-01,  1.6984632664E-13
  3.6439615154E+00, -3.1341165597E+00, -2.7002645859E-01,  1.6981937611E-13
  3.6709679722E+00, -3.1268310958E+00, -2.6950853276E-01,  1.6978861368E-13
  3.6979949069E+00, -3.1195541095E+00, -2.6899031386E-01,  1.6975409532E-13
  3.7250424277E+00, -3.1122856009E+00, -2.6847181136E-01,  1.6971587590E-13
  3.7521106422E+00, -3.1050255699E+00, -2.6795303458E-01,  1.6967400924E-13
  3.7791996579E+00, -3.0977740165E+00, -2.6743399274E-01,  1.6962854816E-13
  3.8063095820E+00, -3.0905309408E+00, -2.6691469491E-01,  1.6957954447E-13
  3.8334405215E+00, -3.0832963427E+00, -2.6639515005E-01,  1.6952704901E-13
  3.8605925833E+00, -3.0760702222E+00, -2.6587536698E-01,  1.6947111168E-13
  3.8877658738E+00, -3.0688525793E+00, -2.6535535441E-01,  1.6941178144E-13
  3.9149604995E+00, -3.0616434141E+00, -2.6483512092E-01,  1.6934910639E-13
  3.9421765665E+00, -3.0544427265E+00, -2.6431467499E-01,  1.6928313371E-13
  3.9694141808E+00, -3.0472505166E+00, -2.6379402498E-01,  1.6921390975E-13
  3.9966734482E+00, -3.0400667842E+00, -2.6327317913E-01,  1.6914148002E-13
  4.0239544744E+00, -3.0328915295E+00, -2.6275214559E-01,  1.6906588921E-13
  4.0512573648E+00, -3.0257247525E+00, -2.6223093237E-01,  1.6898718123E-13
  4.0785822248E+00, -3.0185664530E+00, -2.6170954742E-01,  1.6890539920E-13
  4.1059291594E+00, -3.0114166312E+00, -2.6118799854E-01,  1.6882058549E-13
  4.1332982737E+00, -3.0042752871E+00, -2.6066629345E-01,  1.6873278173E-13
  4.1606896727E+00, -2.9971424205E+00, -2.6014443979E-01,  1.6864202883E-13
  4.1881034610E+00, -2.9900180316E+00, -2.5962244506E-01,  1.6854836700E-13
  4.2155397433E+00, -2.9829021203E+00, -2.5910031671E-01,  1.6845183574E-13
  4.2429986242E+00, -2.9757946867E+00, -2.5857806206E-01,  1.6835247389E-13
  4.2704802079E+00, -2.9686957307E+00, -2.5805568835E-01,  1.6825031966E-13
  4.2979845990E+00, -2.9616052523E+00, -2.5753320274E-01,  1.6814541058E-13
  4.3255119015E+00, -2.9545232515E+00, -2.5701061228E-01,  1.6803778356E-13
  4.3530622197E+00, -2.9474497284E+00, -2.5648792395E-01,  1.6792747491E-13
  4.3806356575E+00, -2.9403846829E+00, -2.5596514464E-01,  1.6781452034E-13
  4.4082323189E+00, -2.9333281150E+00, -2.5544228116E-01,  1.6769895496E-13
  4.4358523079E+00, -2.9262800248E+00, -2.5491934023E-01,  1.6758081332E-13
  4.4634957283E+00, -2.9192404122E+00, -2.5439632848E-01,  1.6746012940E-13
  4.4911626839E+00, -2.9122092772E+00, -2.5387325248E-01,  1.6733693664E-13
  4.5188532785E+00, -2.9051866198E+00, -2.5335011872E-01,  1.6721126794E-13
  4.5465676156E+00, -2.8981724401E+00, -2.5282693359E-01,  1.6708315567E-13
  4.5743057990E+00, -2.8911667381E+00, -2.5230370343E-01,  1.6695263171E-13
  4.6020679324E+00, -2.8841695136E+00, -2.5178043450E-01,  1.6681972741E-13
  4.6298541192E+00, -2.8771807668E+00, -2.5125713297E-01,  1.6668447364E-13
  4.6576644630E+00, -2.8702004976E+00, -2.5073380497E-01,  1.6654690079E-13
  4.6854990674E+00, -2.8632287060E+00, -2.5021045652E-01,  1.6640703878E-13
  4.7133580360E+00, -2.8562653921E+00, -2.4968709361E-01,  1.6626491707E-13
  4.7412414723E+00, -2.8493105558E+00, -2.4916372212E-01,  1.6612056465E-13
  4.7691494797E+00, -2.8423641971E+00, -2.4864034791E-01,  1.6597401011E-13
  4.7970821619E+00, -2.8354263161E+00, -2.4811697674E-01,  1.6582528156E-13
  4.8250396223E+00, -2.8284969127E+00, -2.4759361431E-01,  1.6567440672E-13
  4.8530219646E+00, -2.8215759869E+00, -2.4707026628E-01,  1.6552141288E-13
  4.8810292922E+00, -2.8146635388E+00, -2.4654693820E-01,  1.6536632692E-13
  4.9090617089E+00, -2.8077595683E+00, -2.4602363561E-01,  1.6520917534E-13
  4.9371193182E+00, -2.8008640754E+00, -2.4550036396E-01,  1.6504998422E-13
  4.9652022238E+00, -2.7939770601E+00, -2.4497712864E-01,  1.6488877930E-13
  4.9933105293E+00, -2.7870985225E+00, -2.4445393500E-01,  1.6472558590E-13
  5.0214443386E+00, -2.7802284625E+00, -2.4393078831E-01,  1.6456042900E-13
  5.0496037553E+00, -2.7733668801E+00, -2.4340769380E-01,  1.6439333321E-13
  5.0777888834E+00, -2.7665137754E+00, -2.4288465663E-01,  1.6422432280E-13
  5.1059998268E+00, -2.7596691483E+00, -2.4236168192E-01,  1.6405342166E-13
  5.1342366893E+00, -2.7528329988E+00, -2.4183877472E-01,  1.6388065339E-13
  5.1624995751E+00, -2.7460053270E+00, -2.4131594004E-01,  1.6370604122E-13
  5.1907885882E+00, -2.7391861328E+00, -2.4079318283E-01,  1.6352960806E-13
  5.2191038327E+00, -2.7323754162E+00, -2.4027050799E-01,  1.6335137651E-13
  5.2474454130E+00, -2.7255731773E+00, -2.3974792037E-01,  1.6317136885E-13
  5.2758134333E+00, -2.7187794160E+00, -2.3922542477E-01,  1.6298960705E-13
  5.3042079981E+00, -2.7119941323E+00, -2.3870302594E-01,  1.6280611279E-13
  5.3326292119E+00, -2.7052173262E+00, -2.3818072858E-01,  1.6262090743E-13
  5.3610771793E+00, -2.6984489978E+00, -2.3765853734E-01,  1.6243401205E-13
  5.3895520049E+00, -2.6916891470E+00, -2.3713645683E-01,  1.6224544747E-13
  5.4180537936E+00, -2.6849377738E+00, -2.3661449161E-01,  1.6205523418E-13
  5.4465826504E+00, -2.6781948783E+00, -2.3609264620E-01,  1.6186339244E-13
  5.4751386801E+00, -2.6714604604E+00, -2.3557092505E-01,  1.6166994221E-13
  5.5037219881E+00, -2.6647345201E+00, -2.3504933261E-01,  1.6147490320E-13
  5.5323326795E+00, -2.6580170575E+00, -2.3452787324E-01,  1.6127829486E-13
  5.5609708597E+00, -2.6513080725E+00, -2.3400655128E-01,  1.6108013638E-13
  5.5896366342E+00, -2.6446075651E+00, -2.3348537104E-01,  1.6088044670E-13
  5.6183301088E+00, -2.6379155354E+00, -2.3296433675E-01,  1.6067924450E-13
  5.6470513891E+00, -2.6312319833E+00, -2.3244345264E-01,  1.6047654825E-13
  5.6758005812E+00, -2.6245569088E+00, -2.3192272288E-01,  1.6027237616E-13
  5.7045777910E+00, -2.6178903119E+00, -2.3140215160E-01,  1.6006674620E-13
  5.7333831248E+00, -2.6112321927E+00, -2.3088174288E-01,  1.5985967614E-13
  5.7622166890E+00, -2.6045825511E+00, -2.3036150079E-01,  1.5965118348E-13
  5.7910785900E+00, -2.5979413871E+00, -2.2984142933E-01,  1.5944128554E-13
  5.8199689346E+00, -2.5913087008E+00, -2.2932153249E-01,  1.5922999940E-13
  5.8488878296E+00, -2.5846844921E+00, -2.2880181419E-01,  1.5901734194E-13
  5.8778353821E+00, -2.5780687610E+00, -2.2828227836E-01,  1.5880332982E-13
  5.9068116991E+00, -2.5714615076E+00, -2.2776292884E-01,  1.5858797950E-13
  5.9358168880E+00, -2.5648627318E+00, -2.2724376948E-01,  1.5837130722E-13
  5.9648510565E+00, -2.5582724336E+00, -2.2672480406E-01,  1.5815332905E-13
  5.9939143121E+00, -2.5516906131E+00, -2.2620603635E-01,  1.5793406084E-13
  6.0230067628E+00, -2.5451172702E+00, -2.2568747007E-01,  1.5771351826E-13
  6.0521285167E+00, -2.5385524049E+00, -2.2516910892E-01,  1.5749171678E-13
  6.0812796820E+00, -2.5319960172E+00, -2.2465095655E-01,  1.5726867169E-13
  6.1104603672E+00, -2.5254481072E+00, -2.2413301659E-01,  1.5704439810E-13
  6.1396706811E+00, -2.5189086748E+00, -2.2361529264E-01,  1.5681891093E-13
  6.1689107323E+00, -2.5123777200E+00, -2.2309778825E-01,  1.5659222494E-13
  6.1981806301E+00, -2.5058552429E+00, -2.2258050696E-01,  1.5636435469E-13
  6.2274804838E+00, -2.4993412434E+00, -2.2206345226E-01,  1.5613531460E-13
  6.2568104027E+00, -2.4928357215E+00, -2.2154662762E-01,  1.5590511889E-13
  6.2861704967E+00, -2.4863386773E+00, -2.2103003648E-01,  1.5567378164E-13
  6.3155608757E+00, -2.4798501107E+00, -2.2051368225E-01,  1.5544131675E-13
  6.3449816497E+00, -2.4733700217E+00, -2.1999756830E-01,  1.5520773797E-13
  6.3744329293E+00, -2.4668984104E+00, -2.1948169799E-01,  1.5497305888E-13
  6.4039148250E+00, -2.4604352766E+00, -2.1896607463E-01,  1.5473729291E-13
  6.4334274477E+00, -2.4539806205E+00, -2.1845070151E-01,  1.5450045336E-13
  6.4629709085E+00, -2.4475344421E+00, -2.1793558191E-01,  1.5426255333E-13
  6.4925453186E+00, -2.4410967413E+00, -2.1742071905E-01,  1.5402360582E-13
  6.5221507897E+00, -2.4346675181E+00, -2.1690611614E-01,  1.5378362365E-13
  6.5517874336E+00, -2.4282467725E+00, -2.1639177636E-01,  1.5354261953E-13
  6.5814553623E+00, -2.4218345046E+00, -2.1587770288E-01,  1.5330060599E-13
  6.6111546882E+00, -2.4154307143E+00, -2.1536389881E-01,  1.5305759546E-13
  6.6408855238E+00, -2.4090354016E+00, -2.1485036726E-01,  1.5281360020E-13
  6.6706479820E+00, -2.4026485666E+00, -2.1433711131E-01,  1.5256863236E-13
  6.7004421759E+00, -2.3962702092E+00, -2.1382413401E-01,  1.5232270394E-13
  6.7302682188E+00, -2.3899003294E+00, -2.1331143838E-01,  1.5207582681E-13
  6.7601262244E+00, -2.3835389272E+00, -2.1279902743E-01,  1.5182801273E-13
  6.7900163066E+00, -2.3771860027E+00, -2.1228690413E-01,  1.5157927331E-13
  6.8199385796E+00, -2.3708415558E+00, -2.1177507144E-01,  1.5132962006E-13
  6.8498931579E+00, -2.3645055866E+00, -2.1126353229E-01,  1.5107906433E-13
  6.8798801562E+00, -2.3581780949E+00, -2.1075228958E-01,  1.5082761740E-13
  6.9098996896E+00, -2.3518590809E+00, -2.1024134619E-01,  1.5057529038E-13
  6.9399518733E+00, -2.3455485446E+00, -2.0973070499E-01,  1.5032209430E-13
  6.9700368231E+00, -2.3392464858E+00, -2.0922036881E-01,  1.5006804006E-13
  7.0001546549E+00, -2.3329529047E+00, -2.0871034047E-01,  1.4981313843E-13
  7.0303054848E+00, -2.3266678013E+00, -2.0820062276E-01,  1.4955740010E-13
  7.0604894294E+00, -2.3203911754E+00, -2.0769121845E-01,  1.4930083562E-13
  7.0907066056E+00, -2.3141230272E+00, -2.0718213029E-01,  1.4904345546E-13
  7.1209571305E+00, -2.3078633566E+00, -2.0667336100E-01,  1.4878526995E-13
  7.1512411215E+00, -2.3016121637E+00, -2.0616491330E-01,  1.4852628934E-13
  7.1815586965E+00, -2.2953694484E+00, -2.0565678987E-01,  1.4826652377E-13
  7.2119099735E+00, -2.2891352107E+00, -2.0514899337E-01,  1.4800598326E-13
  7.2422950709E+00, -2.2829094506E+00, -2.0464152645E-01,  1.4774467776E-13
  7.2727141076E+00, -2.2766921682E+00, -2.0413439174E-01,  1.4748261708E-13
  7.3031672026E+00, -2.2704833634E+00, -2.0362759184E-01,  1.4721981097E-13
  7.3336544752E+00, -2.2642830362E+00, -2.0312112933E-01,  1.4695626907E-13
  7.3641760453E+00, -2.2580911867E+00, -2.0261500678E-01,  1.4669200091E-13
  7.3947320330E+00, -2.2519078148E+00, -2.0210922675E-01,  1.4642701594E-13
  7.4253225587E+00, -2.2457329205E+00, -2.0160379174E-01,  1.4616132352E-13
  7.4559477431E+00, -2.2395665039E+00, -2.0109870428E-01,  1.4589493291E-13
  7.4866077075E+00, -2.2334085649E+00, -2.0059396686E-01,  1.4562785327E-13
  7.5173025732E+00, -2.2272591035E+00, -2.0008958194E-01,  1.4536009370E-13
  7.5480324623E+00, -2.2211181197E+00, -1.9958555198E-01,  1.4509166319E-13
  7.5787974967E+00, -2.2149856136E+00, -1.9908187941E-01,  1.4482257064E-13
  7.6095977992E+00, -2.2088615851E+00, -1.9857856667E-01,  1.4455282488E-13
  7.6404334926E+00, -2.2027460343E+00, -1.9807561613E-01,  1.4428243465E-13
  7.6713047004E+00, -2.1966389611E+00, -1.9757303020E-01,  1.4401140860E-13
  7.7022115461E+00, -2.1905403655E+00, -1.9707081123E-01,  1.4373975530E-13
  7.7331541538E+00, -2.1844502475E+00, -1.9656896157E-01,  1.4346748325E-13
  7.7641326480E+00, -2.1783686072E+00, -1.9606748356E-01,  1.4319460087E-13
  7.7951471534E+00, -2.1722954445E+00, -1.9556637952E-01,  1.4292111648E-13
  7.8261977954E+00, -2.1662307594E+00, -1.9506565173E-01,  1.4264703834E-13
  7.8572846996E+00, -2.1601745519E+00, -1.9456530249E-01,  1.4237237463E-13
  7.8884079918E+00, -2.1541268221E+00, -1.9406533407E-01,  1.4209713345E-13
  7.9195677986E+00, -2.1480875699E+00, -1.9356574871E-01,  1.4182132284E-13
  7.9507642467E+00, -2.1420567954E+00, -1.9306654864E-01,  1.4154495075E-13
  7.9819974633E+00, -2.1360344985E+00, -1.9256773610E-01,  1.4126802506E-13
  8.0132675761E+00, -2.1300206792E+00, -1.9206931329E-01,  1.4099055358E-13
  8.0445747131E+00, -2.1240153375E+00, -1.9157128238E-01,  1.4071254406E-13
  8.0759190027E+00, -2.1180184735E+00, -1.9107364557E-01,  1.4043400417E-13
  8.1073005738E+00, -2.1120300871E+00, -1.9057640501E-01,  1.4015494151E-13
  8.1387195557E+00, -2.1060501783E+00, -1.9007956284E-01,  1.3987536361E-13
  8.1701760781E+00, -2.1000787472E+00, -1.8958312119E-01,  1.3959527794E-13
  8.2016702712E+00, -2.0941157937E+00, -1.8908708219E-01,  1.3931469190E-13
  8.2332022655E+00, -2.0881613178E+00, -1.8859144792E-01,  1.3903361282E-13
  8.2647721920E+00, -2.0822153196E+00, -1.8809622049E-01,  1.3875204799E-13
  8.2963801822E+00, -2.0762777990E+00, -1.8760140196E-01,  1.3847000459E-13
  8.3280263680E+00, -2.0703487560E+00, -1.8710699440E-01,  1.3818748979E-13
  8.3597108817E+00, -2.0644281906E+00, -1.8661299984E-01,  1.3790451066E-13
  8.3914338562E+00, -2.0585161029E+00, -1.8611942033E-01,  1.3762107422E-13
  8.4231954246E+00, -2.0526124928E+00, -1.8562625787E-01,  1.3733718743E-13
  8.4549957208E+00, -2.0467173604E+00, -1.8513351449E-01,  1.3705285720E-13
  8.4868348789E+00, -2.0408307055E+00, -1.8464119217E-01,  1.3676809036E-13
  8.5187130335E+00, -2.0349525283E+00, -1.8414929288E-01,  1.3648289370E-13
  8.5506303197E+00, -2.0290828288E+00, -1.8365781861E-01,  1.3619727394E-13
  8.5825868731E+00, -2.0232216068E+00, -1.8316677130E-01,  1.3591123775E-13
  8.6145828299E+00, -2.0173688625E+00, -1.8267615289E-01,  1.3562479175E-13
  8.6466183264E+00, -2.0115245958E+00, -1.8218596531E-01,  1.3533794249E-13
  8.6786934999E+00, -2.0056888068E+00, -1.8169621048E-01,  1.3505069648E-13
  8.7108084877E+00, -1.9998614954E+00, -1.8120689031E-01,  1.3476306016E-13
  8.7429634278E+00, -1.9940426616E+00, -1.8071800668E-01,  1.3447503992E-13
  8.7751584589E+00, -1.9882323055E+00, -1.8022956149E-01,  1.3418664212E-13
  8.8073937199E+00, -1.9824304269E+00, -1.7974155659E-01,  1.3389787304E-13
  8.8396693503E+00, -1.9766370260E+00, -1.7925399384E-01,  1.3360873891E-13
  8.8719854901E+00, -1.9708521028E+00, -1.7876687509E-01,  1.3331924594E-13
  8.9043422799E+00, -1.9650756572E+00, -1.7828020217E-01,  1.3302940024E-13
  8.9367398606E+00, -1.9593076892E+00, -1.7779397691E-01,  1.3273920792E-13
  8.9691783740E+00, -1.9535481988E+00, -1.7730820111E-01,  1.3244867501E-13
  9.0016579620E+00, -1.9477971861E+00, -1.7682287658E-01,  1.3215780750E-13
  9.0341787672E+00, -1.9420546509E+00, -1.7633800511E-01,  1.3186661133E-13
  9.0667409329E+00, -1.9363205935E+00, -1.7585358846E-01,  1.3157509240E-13
  9.0993446027E+00, -1.9305950136E+00, -1.7536962842E-01,  1.3128325656E-13
  9.1319899207E+00, -1.9248779114E+00, -1.7488612673E-01,  1.3099110960E-13
  9.1646770319E+00, -1.9191692868E+00, -1.7440308515E-01,  1.3069865729E-13
  9.1974060815E+00, -1.9134691399E+00, -1.7392050540E-01,  1.3040590533E-13
  9.2301772153E+00, -1.9077774706E+00, -1.7343838921E-01,  1.3011285939E-13
  9.2629905798E+00, -1.9020942789E+00, -1.7295673829E-01,  1.2981952509E-13
  9.2958463219E+00, -1.8964195648E+00, -1.7247555436E-01,  1.2952590801E-13
  9.3287445893E+00, -1.8907533284E+00, -1.7199483909E-01,  1.2923201370E-13
  9.3616855299E+00, -1.8850955696E+00, -1.7151459418E-01,  1.2893784763E-13
  9.3946692926E+00, -1.8794462884E+00, -1.7103482131E-01,  1.2864341526E-13
  9.4276960265E+00, -1.8738054849E+00, -1.7055552212E-01,  1.2834872200E-13
  9.4607658815E+00, -1.8681731590E+00, -1.7007669829E-01,  1.2805377322E-13
  9.4938790080E+00, -1.8625493107E+00, -1.6959835144E-01,  1.2775857425E-13
  9.5270355571E+00, -1.8569339400E+00, -1.6912048322E-01,  1.2746313037E-13
  9.5602356803E+00, -1.8513270470E+00, -1.6864309525E-01,  1.2716744682E-13
  9.5934795298E+00, -1.8457286316E+00, -1.6816618915E-01,  1.2687152883E-13
  9.6267672586E+00, -1.8401386939E+00, -1.6768976653E-01,  1.2657538155E-13
  9.6600990198E+00, -1.8345572338E+00, -1.6721382897E-01,  1.2627901011E-13
  9.6934749677E+00, -1.8289842513E+00, -1.6673837807E-01,  1.2598241962E-13
  9.7268952569E+00, -1.8234197464E+00, -1.6626341541E-01,  1.2568561512E-13
  9.7603600425E+00, -1.8178637192E+00, -1.6578894256E-01,  1.2538860163E-13
  9.7938694805E+00, -1.8123161696E+00, -1.6531496107E-01,  1.2509138414E-13
  9.8274237275E+00, -1.8067770976E+00, -1.6484147250E-01,  1.2479396758E-13
  9.8610229404E+00, -1.8012465033E+00, -1.6436847840E-01,  1.2449635688E-13
  9.8946672773E+00, -1.7957243866E+00, -1.6389598029E-01,  1.2419855689E-13
  9.9283568964E+00, -1.7902107475E+00, -1.6342397970E-01,  1.2390057246E-13
  9.9620919568E+00, -1.7847055860E+00, -1.6295247815E-01,  1.2360240838E-13
  9.9958726184E+00, -1.7792089022E+00, -1.6248147715E-01,  1.2330406944E-13
  1.0029699041E+01, -1.7737206960E+00, -1.6201097820E-01,  1.2300556037E-13
  1.0063571387E+01, -1.7682409675E+00, -1.6154098279E-01,  1.2270688586E-13
  1.0097489817E+01, -1.7627697166E+00, -1.6107149241E-01,  1.2240805058E-13
  1.0131454493E+01, -1.7573069433E+00, -1.6060250852E-01,  1.2210905917E-13
  1.0165465579E+01, -1.7518526476E+00, -1.6013403260E-01,  1.2180991622E-13
  1.0199523239E+01, -1.7464068296E+00, -1.5966606611E-01,  1.2151062632E-13
  1.0233627636E+01, -1.7409694892E+00, -1.5919861050E-01,  1.2121119400E-13
  1.0267778936E+01, -1.7355406264E+00, -1.5873166721E-01,  1.2091162376E-13
  1.0301977305E+01, -1.7301202413E+00, -1.5826523767E-01,  1.2061192008E-13
  1.0336222910E+01, -1.7247083338E+00, -1.5779932332E-01,  1.2031208740E-13
  1.0370515916E+01, -1.7193049039E+00, -1.5733392557E-01,  1.2001213013E-13
  1.0404856494E+01, -1.7139099516E+00, -1.5686904584E-01,  1.1971205267E-13
  1.0439244810E+01, -1.7085234770E+00, -1.5640468554E-01,  1.1941185936E-13
  1.0473681035E+01, -1.7031454800E+00, -1.5594084605E-01,  1.1911155453E-13
  1.0508165338E+01, -1.6977759607E+00, -1.5547752877E-01,  1.1881114247E-13
  1.0542697891E+01, -1.6924149190E+00, -1.5501473509E-01,  1.1851062744E-13
  1.0577278864E+01, -1.6870623549E+00, -1.5455246637E-01,  1.1821001369E-13
  1.0611908431E+01, -1.6817182684E+00, -1.5409072398E-01,  1.1790930542E-13
  1.0646586764E+01, -1.6763826596E+00, -1.5362950929E-01,  1.1760850681E-13
  1.0681314037E+01, -1.6710555284E+00, -1.5316882366E-01,  1.1730762201E-13
  1.0716090425E+01, -1.6657368748E+00, -1.5270866841E-01,  1.1700665516E-13
  1.0750916103E+01, -1.6604266989E+00, -1.5224904490E-01,  1.1670561033E-13
  1.0785791246E+01, -1.6551250005E+00, -1.5178995446E-01,  1.1640449162E-13
  1.0820716033E+01, -1.6498317799E+00, -1.5133139842E-01,  1.1610330305E-13
  1.0855690640E+01, -1.6445470368E+00, -1.5087337808E-01,  1.1580204865E-13
  1.0890715246E+01, -1.6392707714E+00, -1.5041589477E-01,  1.1550073240E-13
  1.0925790030E+01, -1.6340029836E+00, -1.4995894978E-01,  1.1519935827E-13
  1.0960915172E+01, -1.6287436735E+00, -1.4950254443E-01,  1.1489793021E-13
  1.0996090854E+01, -1.6234928409E+00, -1.4904667999E-01,  1.1459645212E-13
  1.1031317255E+01, -1.6182504860E+00, -1.4859135775E-01,  1.1429492790E-13
  1.1066594560E+01, -1.6130166088E+00, -1.4813657900E-01,  1.1399336140E-13
  1.1101922951E+01, -1.6077912091E+00, -1.4768234500E-01,  1.1369175646E-13
  1.1137302613E+01, -1.6025742871E+00, -1.4722865702E-01,  1.1339011691E-13
  1.1172733729E+01, -1.5973658428E+00, -1.4677551633E-01,  1.1308844652E-13
  1.1208216487E+01, -1.5921658760E+00, -1.4632292416E-01,  1.1278674907E-13
  1.1243751072E+01, -1.5869743869E+00, -1.4587088177E-01,  1.1248502831E-13
  1.1279337672E+01, -1.5817913754E+00, -1.4541939040E-01,  1.1218328794E-13
  1.1314976475E+01, -1.5766168416E+00, -1.4496845129E-01,  1.1188153166E-13
  1.1350667671E+01, -1.5714507854E+00, -1.4451806565E-01,  1.1157976315E-13
  1.1386411449E+01, -1.5662932068E+00, -1.4406823472E-01,  1.1127798605E-13
  1.1422208001E+01, -1.5611441058E+00, -1.4361895971E-01,  1.1097620400E-13
  1.1458057517E+01, -1.5560034825E+00, -1.4317024183E-01,  1.1067442060E-13
  1.1493960192E+01, -1.5508713368E+00, -1.4272208228E-01,  1.1037263943E-13
  1.1529916217E+01, -1.5457476688E+00, -1.4227448226E-01,  1.1007086405E-13
  1.1565925788E+01, -1.5406324783E+00, -1.4182744297E-01,  1.0976909800E-13
  1.1601989101E+01, -1.5355257655E+00, -1.4138096558E-01,  1.0946734481E-13
  1.1638106350E+01, -1.5304275303E+00, -1.4093505129E-01,  1.0916560795E-13
  1.1674277734E+01, -1.5253377728E+00, -1.4048970126E-01,  1.0886389091E-13
  1.1710503451E+01, -1.5202564929E+00, -1.4004491666E-01,  1.0856219715E-13
  1.1746783699E+01, -1.5151836906E+00, -1.3960069867E-01,  1.0826053009E-13
  1.1783118679E+01, -1.5101193660E+00, -1.3915704842E-01,  1.0795889315E-13
  1.1819508591E+01, -1.5050635189E+00, -1.3871396709E-01,  1.0765728973E-13
  1.1855953637E+01, -1.5000161496E+00, -1.3827145581E-01,  1.0735572318E-13
  1.1892454021E+01, -1.4949772578E+00, -1.3782951573E-01,  1.0705419687E-13
  1.1929009945E+01, -1.4899468437E+00, -1.3738814797E-01,  1.0675271413E-13
  1.1965621615E+01, -1.4849249072E+00, -1.3694735368E-01,  1.0645127826E-13
  1.2002289237E+01, -1.4799114483E+00, -1.3650713398E-01,  1.0614989257E-13
  1.2039013016E+01, -1.4749064671E+00, -1.3606748998E-01,  1.0584856033E-13
  1.2075793162E+01, -1.4699099635E+00, -1.3562842281E-01,  1.0554728478E-13
  1.2112629882E+01, -1.4649219375E+00, -1.3518993357E-01,  1.0524606918E-13
  1.2149523386E+01, -1.4599423892E+00, -1.3475202336E-01,  1.0494491673E-13
  1.2186473885E+01, -1.4549713185E+00, -1.3431469328E-01,  1.0464383063E-13
  1.2223481590E+01, -1.4500087254E+00, -1.3387794443E-01,  1.0434281406E-13
  1.2260546716E+01, -1.4450546099E+00, -1.3344177790E-01,  1.0404187018E-13
  1.2297669474E+01, -1.4401089721E+00, -1.3300619477E-01,  1.0374100215E-13
  1.2334850081E+01, -1.4351718119E+00, -1.3257119611E-01,  1.0344021307E-13
  1.2372088751E+01, -1.4302431294E+00, -1.3213678301E-01,  1.0313950607E-13
  1.2409385703E+01, -1.4253229244E+00, -1.3170295652E-01,  1.0283888423E-13
  1.2446741154E+01, -1.4204111971E+00, -1.3126971772E-01,  1.0253835063E-13
  1.2484155323E+01, -1.4155079475E+00, -1.3083706766E-01,  1.0223790831E-13
  1.2521628430E+01, -1.4106131754E+00, -1.3040500740E-01,  1.0193756032E-13
  1.2559160697E+01, -1.4057268810E+00, -1.2997353799E-01,  1.0163730968E-13
  1.2596752346E+01, -1.4008490643E+00, -1.2954266046E-01,  1.0133715940E-13
  1.2634403600E+01, -1.3959797251E+00, -1.2911237586E-01,  1.0103711245E-13
  1.2672114685E+01, -1.3911188636E+00, -1.2868268523E-01,  1.0073717182E-13
  1.2709885825E+01, -1.3862664797E+00, -1.2825358959E-01,  1.0043734046E-13
  1.2747717248E+01, -1.3814225735E+00, -1.2782508997E-01,  1.0013762130E-13
  1.2785609182E+01, -1.3765871449E+00, -1.2739718739E-01,  9.9838017268E-14
  1.2823561856E+01, -1.3717601939E+00, -1.2696988286E-01,  9.9538531272E-14
  1.2861575499E+01, -1.3669417205E+00, -1.2654317741E-01,  9.9239166201E-14
  1.2899650345E+01, -1.3621317248E+00, -1.2611707203E-01,  9.8939924930E-14
  1.2937786624E+01, -1.3573302067E+00, -1.2569156773E-01,  9.8640810316E-14
  1.2975984572E+01, -1.3525371662E+00, -1.2526666550E-01,  9.8341825205E-14
  1.3014244423E+01, -1.3477526034E+00, -1.2484236635E-01,  9.8042972424E-14
  1.3052566412E+01, -1.3429765182E+00, -1.2441867125E-01,  9.7744254787E-14
  1.3090950779E+01, -1.3382089106E+00, -1.2399558120E-01,  9.7445675090E-14
  1.3129397761E+01, -1.3334497807E+00, -1.2357309718E-01,  9.7147236118E-14
  1.3167907598E+01, -1.3286991283E+00, -1.2315122015E-01,  9.6848940638E-14
  1.3206480531E+01, -1.3239569537E+00, -1.2272995110E-01,  9.6550791403E-14
  1.3245116803E+01, -1.3192232566E+00, -1.2230929099E-01,  9.6252791153E-14
  1.3283816657E+01, -1.3144980372E+00, -1.2188924078E-01,  9.5954942611E-14
  1.3322580338E+01, -1.3097812954E+00, -1.2146980144E-01,  9.5657248488E-14
  1.3361408093E+01, -1.3050730312E+00, -1.2105097392E-01,  9.5359711479E-14
  1.3400300167E+01, -1.3003732447E+00, -1.2063275917E-01,  9.5062334266E-14
  1.3439256812E+01, -1.2956819358E+00, -1.2021515813E-01,  9.4765119517E-14
  1.3478278275E+01, -1.2909991046E+00, -1.1979817176E-01,  9.4468069885E-14
  1.3517364809E+01, -1.2863247509E+00, -1.1938180098E-01,  9.4171188010E-14
  1.3556516666E+01, -1.2816588749E+00, -1.1896604673E-01,  9.3874476518E-14
  1.3595734100E+01, -1.2770014765E+00, -1.1855090995E-01,  9.3577938022E-14
  1.3635017367E+01, -1.2723525558E+00, -1.1813639156E-01,  9.3281575121E-14
  1.3674366723E+01, -1.2677121127E+00, -1.1772249248E-01,  9.2985390401E-14
  1.3713782426E+01, -1.2630801472E+00, -1.1730921363E-01,  9.2689386435E-14
  1.3753264736E+01, -1.2584566593E+00, -1.1689655592E-01,  9.2393565782E-14
  1.3792813912E+01, -1.2538416491E+00, -1.1648452027E-01,  9.2097930989E-14
  1.3832430219E+01, -1.2492351165E+00, -1.1607310759E-01,  9.1802484588E-14
  1.3872113918E+01, -1.2446370616E+00, -1.1566231877E-01,  9.1507229101E-14
  1.3911865275E+01, -1.2400474842E+00, -1.1525215472E-01,  9.1212167036E-14
  1.3951684557E+01, -1.2354663845E+00, -1.1484261633E-01,  9.0917300888E-14
  1.3991572031E+01, -1.2308937625E+00, -1.1443370449E-01,  9.0622633139E-14
  1.4031527967E+01, -1.2263296180E+00, -1.1402542009E-01,  9.0328166261E-14
  1.4071552634E+01, -1.2217739512E+00, -1.1361776402E-01,  9.0033902710E-14
  1.4111646306E+01, -1.2172267621E+00, -1.1321073716E-01,  8.9739844933E-14
  1.4151809257E+01, -1.2126880505E+00, -1.1280434037E-01,  8.9445995364E-14
  1.4192041760E+01, -1.2081578166E+00, -1.1239857454E-01,  8.9152356424E-14
  1.4232344094E+01, -1.2036360603E+00, -1.1199344054E-01,  8.8858930523E-14
  1.4272716536E+01, -1.1991227817E+00, -1.1158893922E-01,  8.8565720057E-14
  1.4313159366E+01, -1.1946179806E+00, -1.1118507146E-01,  8.8272727414E-14
  1.4353672865E+01, -1.1901216573E+00, -1.1078183811E-01,  8.7979954968E-14
  1.4394257315E+01, -1.1856338115E+00, -1.1037924003E-01,  8.7687405080E-14
  1.4434913003E+01, -1.1811544434E+00, -1.0997727807E-01,  8.7395080102E-14
  1.4475640212E+01, -1.1766835529E+00, -1.0957595307E-01,  8.7102982375E-14
  1.4516439231E+01, -1.1722211400E+00, -1.0917526588E-01,  8.6811114225E-14
  1.4557310350E+01, -1.1677672048E+00, -1.0877521735E-01,  8.6519477970E-14
  1.4598253858E+01, -1.1633217472E+00, -1.0837580830E-01,  8.6228075917E-14
  1.4639270048E+01, -1.1588847672E+00, -1.0797703958E-01,  8.5936910359E-14
  1.4680359213E+01, -1.1544562648E+00, -1.0757891201E-01,  8.5645983581E-14
  1.4721521651E+01, -1.1500362401E+00, -1.0718142642E-01,  8.5355297854E-14
  1.4762757658E+01, -1.1456246930E+00, -1.0678458364E-01,  8.5064855442E-14
  1.4804067532E+01, -1.1412216236E+00, -1.0638838449E-01,  8.4774658596E-14
  1.4845451575E+01, -1.1368270318E+00, -1.0599282978E-01,  8.4484709555E-14
  1.4886910089E+01, -1.1324409176E+00, -1.0559792033E-01,  8.4195010549E-14
  1.4928443378E+01, -1.1280632810E+00, -1.0520365695E-01,  8.3905563798E-14
  1.4970051748E+01, -1.1236941221E+00, -1.0481004044E-01,  8.3616371511E-14
  1.5011735507E+01, -1.1193334408E+00, -1.0441707161E-01,  8.3327435886E-14
  1.5053494963E+01, -1.1149812371E+00, -1.0402475126E-01,  8.3038759111E-14
  1.5095330428E+01, -1.1106375111E+00, -1.0363308020E-01,  8.2750343364E-14
  1.5137242214E+01, -1.1063022627E+00, -1.0324205920E-01,  8.2462190813E-14
  1.5179230637E+01, -1.1019754919E+00, -1.0285168907E-01,  8.2174303614E-14
  1.5221296013E+01, -1.0976571987E+00, -1.0246197060E-01,  8.1886683916E-14
  1.5263438659E+01, -1.0933473832E+00, -1.0207290456E-01,  8.1599333856E-14
  1.5305658897E+01, -1.0890460453E+00, -1.0168449174E-01,  8.1312255562E-14
  1.5347957048E+01, -1.0847531851E+00, -1.0129673291E-01,  8.1025451151E-14
  1.5390333436E+01, -1.0804688025E+00, -1.0090962887E-01,  8.0738922731E-14
  1.5432788387E+01, -1.0761928975E+00, -1.0052318036E-01,  8.0452672402E-14
  1.5475322229E+01, -1.0719254701E+00, -1.0013738818E-01,  8.0166702250E-14
  1.5517935290E+01, -1.0676665204E+00, -9.9752253075E-02,  7.9881014357E-14
  1.5560627903E+01, -1.0634160483E+00, -9.9367775816E-02,  7.9595610791E-14
  1.5603400401E+01, -1.0591740538E+00, -9.8983957164E-02,  7.9310493613E-14
  1.5646253120E+01, -1.0549405370E+00, -9.8600797874E-02,  7.9025664873E-14
  1.5689186396E+01, -1.0507154978E+00, -9.8218298703E-02,  7.8741126613E-14
  1.5732200569E+01, -1.0464989362E+00, -9.7836460400E-02,  7.8456880865E-14
  1.5775295981E+01, -1.0422908522E+00, -9.7455283714E-02,  7.8172929653E-14
  1.5818472975E+01, -1.0380912459E+00, -9.7074769392E-02,  7.7889274990E-14
  1.5861731897E+01, -1.0339001172E+00, -9.6694918174E-02,  7.7605918881E-14
  1.5905073093E+01, -1.0297174662E+00, -9.6315730802E-02,  7.7322863323E-14
  1.5948496914E+01, -1.0255432928E+00, -9.5937208012E-02,  7.7040110302E-14
  1.5992003712E+01, -1.0213775970E+00, -9.5559350538E-02,  7.6757661797E-14
  1.6035593839E+01, -1.0172203788E+00, -9.5182159110E-02,  7.6475519777E-14
  1.6079267653E+01, -1.0130716383E+00, -9.4805634458E-02,  7.6193686202E-14
  1.6123025511E+01, -1.0089313754E+00, -9.4429777305E-02,  7.5912163024E-14
  1.6166867774E+01, -1.0047995901E+00, -9.4054588376E-02,  7.5630952186E-14
  1.6210794804E+01, -1.0006762825E+00, -9.3680068389E-02,  7.5350055624E-14
  1.6254806965E+01, -9.9656145245E-01, -9.3306218061E-02,  7.5069475263E-14
  1.6298904625E+01, -9.9245510008E-01, -9.2933038107E-02,  7.4789213020E-14
  1.6343088152E+01, -9.8835722533E-01, -9.2560529239E-02,  7.4509270806E-14
  1.6387357919E+01, -9.8426782821E-01, -9.2188692163E-02,  7.4229650520E-14
  1.6431714298E+01, -9.8018690873E-01, -9.1817527588E-02,  7.3950354055E-14
  1.6476157666E+01, -9.7611446687E-01, -9.1447036215E-02,  7.3671383295E-14
  1.6520688401E+01, -9.7205050265E-01, -9.1077218745E-02,  7.3392740117E-14
  1.6565306884E+01, -9.6799501605E-01, -9.0708075876E-02,  7.3114426387E-14
  1.6610013497E+01, -9.6394800709E-01, -9.0339608303E-02,  7.2836443967E-14
  1.6654808625E+01, -9.5990947576E-01, -8.9971816719E-02,  7.2558794706E-14
  1.6699692658E+01, -9.5587942206E-01, -8.9604701813E-02,  7.2281480450E-14
  1.6744665984E+01, -9.5185784598E-01, -8.9238264272E-02,  7.2004503033E-14
  1.6789728997E+01, -9.4784474754E-01, -8.8872504781E-02,  7.1727864283E-14
  1.6834882090E+01, -9.4384012673E-01, -8.8507424022E-02,  7.1451566021E-14
  1.6880125663E+01, -9.3984398356E-01, -8.8143022674E-02,  7.1175610058E-14
  1.6925460115E+01, -9.3585631801E-01, -8.7779301413E-02,  7.0899998198E-14
  1.6970885848E+01, -9.3187713009E-01, -8.7416260915E-02,  7.0624732239E-14
  1.7016403268E+01, -9.2790641980E-01, -8.7053901850E-02,  7.0349813968E-14
  1.7062012783E+01, -9.2394418715E-01, -8.6692224887E-02,  7.0075245167E-14
  1.7107714801E+01, -9.1999043212E-01, -8.6331230693E-02,  6.9801027611E-14
  1.7153509737E+01, -9.1604515473E-01, -8.5970919931E-02,  6.9527163063E-14
  1.7199398006E+01, -9.1210835496E-01, -8.5611293264E-02,  6.9253653285E-14
  1.7245380026E+01, -9.0818003283E-01, -8.5252351350E-02,  6.8980500026E-14
  1.7291456218E+01, -9.0426018833E-01, -8.4894094845E-02,  6.8707705030E-14
  1.7337627005E+01, -9.0034882146E-01, -8.4536524403E-02,  6.8435270034E-14
  1.7383892814E+01, -8.9644593222E-01, -8.4179640677E-02,  6.8163196767E-14
  1.7430254073E+01, -8.9255152061E-01, -8.3823444314E-02,  6.7891486951E-14
  1.7476711215E+01, -8.8866558663E-01, -8.3467935961E-02,  6.7620142299E-14
  1.7523264673E+01, -8.8478813028E-01, -8.3113116262E-02,  6.7349164520E-14
  1.7569914886E+01, -8.8091915156E-01, -8.2758985860E-02,  6.7078555314E-14
  1.7616662294E+01, -8.7705865047E-01, -8.2405545393E-02,  6.6808316374E-14
  1.7663507339E+01, -8.7320662702E-01, -8.2052795497E-02,  6.6538449385E-14
  1.7710450468E+01, -8.6936308119E-01, -8.1700736809E-02,  6.6268956027E-14
  1.7757492130E+01, -8.6552801300E-01, -8.1349369959E-02,  6.5999837972E-14
  1.7804632777E+01, -8.6170142243E-01, -8.0998695577E-02,  6.5731096885E-14
  1.7851872863E+01, -8.5788330950E-01, -8.0648714291E-02,  6.5462734424E-14
  1.7899212846E+01, -8.5407367419E-01, -8.0299426726E-02,  6.5194752239E-14
  1.7946653187E+01, -8.5027251652E-01, -7.9950833504E-02,  6.4927151977E-14
  1.7994194351E+01, -8.4647983648E-01, -7.9602935245E-02,  6.4659935274E-14
  1.8041836804E+01, -8.4269563407E-01, -7.9255732568E-02,  6.4393103761E-14
  1.8089581016E+01, -8.3891990929E-01, -7.8909226089E-02,  6.4126659062E-14
  1.8137427461E+01, -8.3515266214E-01, -7.8563416420E-02,  6.3860602795E-14
  1.8185376616E+01, -8.3139389262E-01, -7.8218304172E-02,  6.3594936570E-14
  1.8233428959E+01, -8.2764360073E-01, -7.7873889955E-02,  6.3329661992E-14
  1.8281584974E+01, -8.2390178648E-01, -7.7530174376E-02,  6.3064780659E-14
  1.8329845147E+01, -8.2016844985E-01, -7.7187158037E-02,  6.2800294161E-14
  1.8378209968E+01, -8.1644359085E-01, -7.6844841542E-02,  6.2536204082E-14
  1.8426679929E+01, -8.1272720949E-01, -7.6503225490E-02,  6.2272512003E-14
  1.8475255526E+01, -8.0901930575E-01, -7.6162310479E-02,  6.2009219492E-14
  1.8523937258E+01, -8.0531987965E-01, -7.5822097104E-02,  6.1746328117E-14
  1.8572725630E+01, -8.0162893118E-01, -7.5482585958E-02,  6.1483839436E-14
  1.8621621147E+01, -7.9794646034E-01, -7.5143777632E-02,  6.1221755001E-14
  1.8670624318E+01, -7.9427246712E-01, -7.4805672715E-02,  6.0960076359E-14
  1.8719735658E+01, -7.9060695154E-01, -7.4468271793E-02,  6.0698805050E-14
  1.8768955683E+01, -7.8694991359E-01, -7.4131575451E-02,  6.0437942607E-14
  1.8818284914E+01, -7.8330135327E-01, -7.3795584270E-02,  6.0177490558E-14
  1.8867723874E+01, -7.7966127059E-01, -7.3460298832E-02,  5.9917450425E-14
  1.8917273092E+01, -7.7602966553E-01, -7.3125719713E-02,  5.9657823722E-14
  1.8966933098E+01, -7.7240653810E-01, -7.2791847490E-02,  5.9398611959E-14
  1.9016704428E+01, -7.6879188830E-01, -7.2458682736E-02,  5.9139816639E-14
  1.9066587620E+01, -7.6518571614E-01, -7.2126226022E-02,  5.8881439259E-14
  1.9116583218E+01, -7.6158802160E-01, -7.1794477918E-02,  5.8623481309E-14
  1.9166691767E+01, -7.5799880470E-01, -7.1463438992E-02,  5.8365944275E-14
  1.9216913818E+01, -7.5441806542E-01, -7.1133109807E-02,  5.8108829637E-14
  1.9267249926E+01, -7.5084580378E-01, -7.0803490929E-02,  5.7852138866E-14
  1.9317700647E+01, -7.4728201977E-01, -7.0474582916E-02,  5.7595873430E-14
  1.9368266544E+01, -7.4372671339E-01, -7.0146386329E-02,  5.7340034790E-14
  1.9418948183E+01, -7.4017988464E-01, -6.9818901724E-02,  5.7084624403E-14
  1.9469746135E+01, -7.3664153352E-01, -6.9492129656E-02,  5.6829643718E-14
  1.9520660973E+01, -7.3311166003E-01, -6.9166070678E-02,  5.6575094178E-14
  1.9571693276E+01, -7.2959026417E-01, -6.8840725340E-02,  5.6320977221E-14
  1.9622843626E+01, -7.2607734594E-01, -6.8516094191E-02,  5.6067294281E-14
  1.9674112609E+01, -7.2257290534E-01, -6.8192177777E-02,  5.5814046784E-14
  1.9725500817E+01, -7.1907694238E-01, -6.7868976644E-02,  5.5561236151E-14
  1.9777008845E+01, -7.1558945704E-01, -6.7546491334E-02,  5.5308863798E-14
  1.9828637292E+01, -7.1211044934E-01, -6.7224722387E-02,  5.5056931134E-14
  1.9880386762E+01, -7.0863991926E-01, -6.6903670343E-02,  5.4805439563E-14
  1.9932257864E+01, -7.0517786682E-01, -6.6583335737E-02,  5.4554390484E-14
  1.9984251209E+01, -7.0172429201E-01, -6.6263719104E-02,  5.4303785290E-14
  2.0036367416E+01, -6.9827919482E-01, -6.5944820977E-02,  5.4053625369E-14
  2.0088607105E+01, -6.9484257527E-01, -6.5626641888E-02,  5.3803912103E-14
  2.0140970904E+01, -6.9141443335E-01, -6.5309182363E-02,  5.3554646869E-14
  2.0193459443E+01, -6.8799476906E-01, -6.4992442931E-02,  5.3305831037E-14
  2.0246073357E+01, -6.8458358240E-01, -6.4676424116E-02,  5.3057465973E-14
  2.0298813288E+01, -6.8118087337E-01, -6.4361126441E-02,  5.2809553039E-14
  2.0351679880E+01, -6.7778664197E-01, -6.4046550427E-02,  5.2562093588E-14
  2.0404673783E+01, -6.7440088821E-01, -6.3732696592E-02,  5.2315088971E-14
  2.0457795652E+01, -6.7102361207E-01, -6.3419565456E-02,  5.2068540532E-14
  2.0511046146E+01, -6.6765481357E-01, -6.3107157531E-02,  5.1822449611E-14
  2.0564425931E+01, -6.6429449269E-01, -6.2795473332E-02,  5.1576817540E-14
  2.0617935676E+01, -6.6094264945E-01, -6.2484513370E-02,  5.1331645648E-14
  2.0671576056E+01, -6.5759928383E-01, -6.2174278155E-02,  5.1086935259E-14
  2.0725347750E+01, -6.5426439585E-01, -6.1864768195E-02,  5.0842687691E-14
  2.0779251445E+01, -6.5093798550E-01, -6.1555983994E-02,  5.0598904258E-14
  2.0833287829E+01, -6.4762005278E-01, -6.1247926058E-02,  5.0355586265E-14
  2.0887457599E+01, -6.4431059769E-01, -6.0940594887E-02,  5.0112735018E-14
  2.0941761455E+01, -6.4100962023E-01, -6.0633990983E-02,  4.9870351812E-14
  2.0996200103E+01, -6.3771712040E-01, -6.0328114844E-02,  4.9628437941E-14
  2.1050774257E+01, -6.3443309820E-01, -6.0022966966E-02,  4.9386994692E-14
  2.1105484632E+01, -6.3115755363E-01, -5.9718547843E-02,  4.9146023347E-14
  2.1160331951E+01, -6.2789048669E-01, -5.9414857969E-02,  4.8905525184E-14
  2.1215316943E+01, -6.2463189739E-01, -5.9111897835E-02,  4.8665501475E-14
  2.1270440342E+01, -6.2138178571E-01, -5.8809667930E-02,  4.8425953487E-14
  2.1325702887E+01, -6.1814015166E-01, -5.8508168741E-02,  4.8186882483E-14
  2.1381105325E+01, -6.1490699525E-01, -5.8207400754E-02,  4.7948289720E-14
  2.1436648406E+01, -6.1168231647E-01, -5.7907364452E-02,  4.7710176452E-14
  2.1492332889E+01, -6.0846611531E-01, -5.7608060318E-02,  4.7472543924E-14
  2.1548159535E+01, -6.0525839179E-01, -5.7309488831E-02,  4.7235393381E-14
  2.1604129116E+01, -6.0205914590E-01, -5.7011650471E-02,  4.6998726061E-14
  2.1660242405E+01, -5.9886837764E-01, -5.6714545714E-02,  4.6762543195E-14
  2.1716500186E+01, -5.9568608701E-01, -5.6418175034E-02,  4.6526846013E-14
  2.1772903245E+01, -5.9251227401E-01, -5.6122538905E-02,  4.6291635738E-14
  2.1829452377E+01, -5.8934693864E-01, -5.5827637798E-02,  4.6056913588E-14
  2.1886148383E+01, -5.8619008090E-01, -5.5533472183E-02,  4.5822680778E-14
  2.1942992069E+01, -5.8304170080E-01, -5.5240042527E-02,  4.5588938517E-14
  2.1999984249E+01, -5.7990179832E-01, -5.4947349297E-02,  4.5355688009E-14
  2.2057125743E+01, -5.7677037347E-01, -5.4655392956E-02,  4.5122930454E-14
  2.2114417378E+01, -5.7364742626E-01, -5.4364173969E-02,  4.4890667046E-14
  2.2171859988E+01, -5.7053295668E-01, -5.4073692794E-02,  4.4658898977E-14
  2.2229454412E+01, -5.6742696472E-01, -5.3783949893E-02,  4.4427627432E-14
  2.2287201498E+01, -5.6432945040E-01, -5.3494945721E-02,  4.4196853592E-14
  2.2345102100E+01, -5.6124041371E-01, -5.3206680735E-02,  4.3966578633E-14
  2.2403157079E+01, -5.5815985465E-01, -5.2919155390E-02,  4.3736803728E-14
  2.2461367303E+01, -5.5508777321E-01, -5.2632370136E-02,  4.3507530043E-14
  2.2519733648E+01, -5.5202416941E-01, -5.2346325425E-02,  4.3278758742E-14
  2.2578256996E+01, -5.4896904325E-01, -5.2061021706E-02,  4.3050490982E-14
  2.2636938238E+01, -5.4592239471E-01, -5.1776459427E-02,  4.2822727917E-14
  2.2695778270E+01, -5.4288422380E-01, -5.1492639032E-02,  4.2595470697E-14
  2.2754777999E+01, -5.3985453052E-01, -5.1209560965E-02,  4.2368720465E-14
  2.2813938335E+01, -5.3683331488E-01, -5.0927225670E-02,  4.2142478362E-14
  2.2873260201E+01, -5.3382057686E-01, -5.0645633586E-02,  4.1916745524E-14
  2.2932744523E+01, -5.3081631647E-01, -5.0364785152E-02,  4.1691523081E-14
  2.2992392237E+01, -5.2782053372E-01, -5.0084680806E-02,  4.1466812161E-14
  2.3052204288E+01, -5.2483322860E-01, -4.9805320984E-02,  4.1242613887E-14
  2.3112181626E+01, -5.2185440110E-01, -4.9526706119E-02,  4.1018929375E-14
  2.3172325213E+01, -5.1888405124E-01, -4.9248836643E-02,  4.0795759739E-14
  2.3232636016E+01, -5.1592217901E-01, -4.8971712988E-02,  4.0573106089E-14
  2.3293115011E+01, -5.1296878441E-01, -4.8695335583E-02,  4.0350969530E-14
  2.3353763184E+01, -5.1002386744E-01, -4.8419704854E-02,  4.0129351161E-14
  2.3414581528E+01, -5.0708742810E-01, -4.8144821228E-02,  3.9908252080E-14
  2.3475571046E+01, -5.0415946639E-01, -4.7870685129E-02,  3.9687673378E-14
  2.3536732746E+01, -5.0123998231E-01, -4.7597296980E-02,  3.9467616142E-14
  2.3598067650E+01, -4.9832897587E-01, -4.7324657201E-02,  3.9248081456E-14
  2.3659576786E+01, -4.9542644705E-01, -4.7052766212E-02,  3.9029070399E-14
  2.3721261191E+01, -4.9253239587E-01, -4.6781624431E-02,  3.8810584046E-14
  2.3783121911E+01, -4.8964682231E-01, -4.6511232274E-02,  3.8592623467E-14
  2.3845160003E+01, -4.8676972639E-01, -4.6241590156E-02,  3.8375189728E-14
  2.3907376531E+01, -4.8390110809E-01, -4.5972698489E-02,  3.8158283892E-14
  2.3969772571E+01, -4.8104096743E-01, -4.5704557685E-02,  3.7941907016E-14
  2.4032349206E+01, -4.7818930440E-01, -4.5437168154E-02,  3.7726060154E-14
  2.4095107530E+01, -4.7534611900E-01, -4.5170530305E-02,  3.7510744355E-14
  2.4158048646E+01, -4.7251141123E-01, -4.4904644543E-02,  3.7295960666E-14
  2.4221173669E+01, -4.6968518109E-01, -4.4639511275E-02,  3.7081710127E-14
  2.4284483721E+01, -4.6686742858E-01, -4.4375130903E-02,  3.6867993775E-14
  2.4347979937E+01, -4.6405815370E-01, -4.4111503831E-02,  3.6654812644E-14
  2.4411663460E+01, -4.6125735645E-01, -4.3848630457E-02,  3.6442167762E-14
  2.4475535445E+01, -4.5846503683E-01, -4.3586511182E-02,  3.6230060153E-14
  2.4539597057E+01, -4.5568119485E-01, -4.3325146403E-02,  3.6018490840E-14
  2.4603849471E+01, -4.5290583049E-01, -4.3064536515E-02,  3.5807460837E-14
  2.4668293873E+01, -4.5013894377E-01, -4.2804681913E-02,  3.5596971159E-14
  2.4732931461E+01, -4.4738053467E-01, -4.2545582990E-02,  3.5387022813E-14
  2.4797763442E+01, -4.4463060321E-01, -4.2287240136E-02,  3.5177616804E-14
  2.4862791037E+01, -4.4188914938E-01, -4.2029653743E-02,  3.4968754133E-14
  2.4928015476E+01, -4.3915617317E-01, -4.1772824197E-02,  3.4760435795E-14
  2.4993438002E+01, -4.3643167460E-01, -4.1516751887E-02,  3.4552662784E-14
  2.5059059868E+01, -4.3371565366E-01, -4.1261437196E-02,  3.4345436088E-14
  2.5124882340E+01, -4.3100811035E-01, -4.1006880509E-02,  3.4138756692E-14
  2.5190906695E+01, -4.2830904467E-01, -4.0753082207E-02,  3.3932625576E-14
  2.5257134223E+01, -4.2561845662E-01, -4.0500042673E-02,  3.3727043717E-14
  2.5323566226E+01, -4.2293634621E-01, -4.0247762283E-02,  3.3522012088E-14
  2.5390204018E+01, -4.2026271342E-01, -3.9996241418E-02,  3.3317531657E-14
  2.5457048926E+01, -4.1759755826E-01, -3.9745480452E-02,  3.3113603390E-14
  2.5524102288E+01, -4.1494088074E-01, -3.9495479760E-02,  3.2910228246E-14
  2.5591365457E+01, -4.1229268084E-01, -3.9246239717E-02,  3.2707407185E-14
  2.5658839799E+01, -4.0965295858E-01, -3.8997760692E-02,  3.2505141158E-14
  2.5726526692E+01, -4.0702171394E-01, -3.8750043057E-02,  3.2303431115E-14
  2.5794427526E+01, -4.0439894694E-01, -3.8503087181E-02,  3.2102278002E-14
  2.5862543709E+01, -4.0178465757E-01, -3.8256893431E-02,  3.1901682761E-14
  2.5930876657E+01, -3.9917884583E-01, -3.8011462172E-02,  3.1701646328E-14
  2.5999427805E+01, -3.9658151172E-01, -3.7766793770E-02,  3.1502169639E-14
  2.6068198599E+01, -3.9399265524E-01, -3.7522888587E-02,  3.1303253623E-14
  2.6137190501E+01, -3.9141227639E-01, -3.7279746985E-02,  3.1104899207E-14
  2.6206404984E+01, -3.8884037517E-01, -3.7037369323E-02,  3.0907107313E-14
  2.6275843541E+01, -3.8627695158E-01, -3.6795755961E-02,  3.0709878861E-14
  2.6345507675E+01, -3.8372200563E-01, -3.6554907256E-02,  3.0513214765E-14
  2.6415398908E+01, -3.8117553730E-01, -3.6314823563E-02,  3.0317115937E-14
  2.6485518772E+01, -3.7863754660E-01, -3.6075505236E-02,  3.0121583284E-14
  2.6555868821E+01, -3.7610803354E-01, -3.5836952629E-02,  2.9926617710E-14
  2.6626450618E+01, -3.7358699810E-01, -3.5599166093E-02,  2.9732220115E-14
  2.6697265748E+01, -3.7107444030E-01, -3.5362145978E-02,  2.9538391396E-14
  2.6768315807E+01, -3.6857036013E-01, -3.5125892632E-02,  2.9345132445E-14
  2.6839602410E+01, -3.6607475759E-01, -3.4890406403E-02,  2.9152444151E-14
  2.6911127187E+01, -3.6358763267E-01, -3.4655687637E-02,  2.8960327399E-14
  2.6982891787E+01, -3.6110898539E-01, -3.4421736677E-02,  2.8768783071E-14
  2.7054897874E+01, -3.5863881574E-01, -3.4188553867E-02,  2.8577812045E-14
  2.7127147130E+01, -3.5617712373E-01, -3.3956139548E-02,  2.8387415195E-14
  2.7199641252E+01, -3.5372390934E-01, -3.3724494060E-02,  2.8197593392E-14
  2.7272381959E+01, -3.5127917258E-01, -3.3493617742E-02,  2.8008347503E-14
  2.7345370985E+01, -3.4884291345E-01, -3.3263510932E-02,  2.7819678390E-14
  2.7418610082E+01, -3.4641513196E-01, -3.3034173964E-02,  2.7631586914E-14
  2.7492101022E+01, -3.4399582809E-01, -3.2805607174E-02,  2.7444073930E-14
  2.7565845595E+01, -3.4158500186E-01, -3.2577810895E-02,  2.7257140292E-14
  2.7639845609E+01, -3.3918265325E-01, -3.2350785458E-02,  2.7070786847E-14
  2.7714102892E+01, -3.3678878228E-01, -3.2124531194E-02,  2.6885014441E-14
  2.7788619292E+01, -3.3440338894E-01, -3.1899048432E-02,  2.6699823916E-14
  2.7863396676E+01, -3.3202647322E-01, -3.1674337499E-02,  2.6515216110E-14
  2.7938436931E+01, -3.2965803514E-01, -3.1450398721E-02,  2.6331191857E-14
  2.8013741964E+01, -3.2729807469E-01, -3.1227232424E-02,  2.6147751989E-14
  2.8089313704E+01, -3.2494659187E-01, -3.1004838931E-02,  2.5964897332E-14
  2.8165154100E+01, -3.2260358668E-01, -3.0783218563E-02,  2.5782628710E-14
  2.8241265122E+01, -3.2026905912E-01, -3.0562371642E-02,  2.5600946945E-14
  2.8317648762E+01, -3.1794300920E-01, -3.0342298487E-02,  2.5419852852E-14
  2.8394307033E+01, -3.1562543690E-01, -3.0122999416E-02,  2.5239347244E-14
  2.8471241971E+01, -3.1331634223E-01, -2.9904474745E-02,  2.5059430933E-14
  2.8548455635E+01, -3.1101572520E-01, -2.9686724790E-02,  2.4880104723E-14
  2.8625950105E+01, -3.0872358579E-01, -2.9469749864E-02,  2.4701369418E-14
  2.8703727486E+01, -3.0643992402E-01, -2.9253550281E-02,  2.4523225817E-14
  2.8781789906E+01, -3.0416473988E-01, -2.9038126352E-02,  2.4345674715E-14
  2.8860139515E+01, -3.0189803336E-01, -2.8823478385E-02,  2.4168716906E-14
  2.8938778490E+01, -2.9963980448E-01, -2.8609606691E-02,  2.3992353177E-14
  2.9017709032E+01, -2.9739005323E-01, -2.8396511576E-02,  2.3816584314E-14
  2.9096933364E+01, -2.9514877961E-01, -2.8184193345E-02,  2.3641411100E-14
  2.9176453739E+01, -2.9291598362E-01, -2.7972652304E-02,  2.3466834312E-14
  2.9256272433E+01, -2.9069166526E-01, -2.7761888756E-02,  2.3292854726E-14
  2.9336391747E+01, -2.8847582453E-01, -2.7551903002E-02,  2.3119473113E-14
  2.9416814012E+01, -2.8626846143E-01, -2.7342695344E-02,  2.2946690241E-14
  2.9497541582E+01, -2.8406957597E-01, -2.7134266079E-02,  2.2774506876E-14
  2.9578576841E+01, -2.8187916813E-01, -2.6926615507E-02,  2.2602923779E-14
  2.9659922201E+01, -2.7969723792E-01, -2.6719743923E-02,  2.2431941707E-14
  2.9741580099E+01, -2.7752378535E-01, -2.6513651624E-02,  2.2261561415E-14
  2.9823553005E+01, -2.7535881041E-01, -2.6308338902E-02,  2.2091783654E-14
  2.9905843415E+01, -2.7320231309E-01, -2.6103806051E-02,  2.1922609173E-14
  2.9988453855E+01, -2.7105429341E-01, -2.5900053361E-02,  2.1754038716E-14
  3.0071386882E+01, -2.6891475136E-01, -2.5697081123E-02,  2.1586073023E-14
  3.0154645083E+01, -2.6678368694E-01, -2.5494889626E-02,  2.1418712832E-14
  3.0238231075E+01, -2.6466110015E-01, -2.5293479157E-02,  2.1251958879E-14
  3.0322147509E+01, -2.6254699099E-01, -2.5092850001E-02,  2.1085811893E-14
  3.0406397065E+01, -2.6044135946E-01, -2.4893002445E-02,  2.0920272602E-14
  3.0490982457E+01, -2.5834420556E-01, -2.4693936770E-02,  2.0755341731E-14
  3.0575906433E+01, -2.5625552929E-01, -2.4495653260E-02,  2.0591020001E-14
  3.0661171773E+01, -2.5417533065E-01, -2.4298152196E-02,  2.0427308129E-14
  3.0746781291E+01, -2.5210360965E-01, -2.4101433856E-02,  2.0264206830E-14
  3.0832737836E+01, -2.5004036627E-01, -2.3905498519E-02,  2.0101716815E-14
  3.0919044294E+01, -2.4798560053E-01, -2.3710346463E-02,  1.9939838792E-14
  3.1005703584E+01, -2.4593931241E-01, -2.3515977963E-02,  1.9778573464E-14
  3.1092718664E+01, -2.4390150193E-01, -2.3322393293E-02,  1.9617921534E-14
  3.1180092526E+01, -2.4187216908E-01, -2.3129592727E-02,  1.9457883698E-14
  3.1267828203E+01, -2.3985131386E-01, -2.2937576537E-02,  1.9298460653E-14
  3.1355928764E+01, -2.3783893626E-01, -2.2746344992E-02,  1.9139653088E-14
  3.1444397318E+01, -2.3583503630E-01, -2.2555898364E-02,  1.8981461692E-14
  3.1533237014E+01, -2.3383961397E-01, -2.2366236919E-02,  1.8823887150E-14
  3.1622451039E+01, -2.3185266928E-01, -2.2177360924E-02,  1.8666930143E-14
  3.1712042624E+01, -2.2987420221E-01, -2.1989270646E-02,  1.8510591349E-14
  3.1802015039E+01, -2.2790421277E-01, -2.1801966348E-02,  1.8354871444E-14
  3.1892371598E+01, -2.2594270096E-01, -2.1615448293E-02,  1.8199771100E-14
  3.1983115659E+01, -2.2398966679E-01, -2.1429716744E-02,  1.8045290984E-14
  3.2074250621E+01, -2.2204511024E-01, -2.1244771960E-02,  1.7891431763E-14
  3.2165779930E+01, -2.2010903133E-01, -2.1060614200E-02,  1.7738194098E-14
  3.2257707077E+01, -2.1818143004E-01, -2.0877243724E-02,  1.7585578647E-14
  3.2350035598E+01, -2.1626230639E-01, -2.0694660787E-02,  1.7433586068E-14
  3.2442769078E+01, -2.1435166037E-01, -2.0512865646E-02,  1.7282217012E-14
  3.2535911149E+01, -2.1244949197E-01, -2.0331858553E-02,  1.7131472129E-14
  3.2629465490E+01, -2.1055580121E-01, -2.0151639763E-02,  1.6981352064E-14
  3.2723435834E+01, -2.0867058808E-01, -1.9972209526E-02,  1.6831857460E-14
  3.2817825960E+01, -2.0679385258E-01, -1.9793568094E-02,  1.6682988958E-14
  3.2912639701E+01, -2.0492559471E-01, -1.9615715716E-02,  1.6534747193E-14
  3.3007880941E+01, -2.0306581448E-01, -1.9438652640E-02,  1.6387132799E-14
  3.3103553619E+01, -2.0121451187E-01, -1.9262379112E-02,  1.6240146405E-14
  3.3199661727E+01, -1.9937168689E-01, -1.9086895378E-02,  1.6093788640E-14
  3.3296209312E+01, -1.9753733954E-01, -1.8912201682E-02,  1.5948060127E-14
  3.3393200480E+01, -1.9571146983E-01, -1.8738298267E-02,  1.5802961486E-14
  3.3490639390E+01, -1.9389407774E-01, -1.8565185376E-02,  1.5658493335E-14
  3.3588530264E+01, -1.9208516329E-01, -1.8392863248E-02,  1.5514656288E-14
  3.3686877381E+01, -1.9028472647E-01, -1.8221332124E-02,  1.5371450956E-14
  3.3785685081E+01, -1.8849276727E-01, -1.8050592240E-02,  1.5228877948E-14
  3.3884957766E+01, -1.8670928571E-01, -1.7880643835E-02,  1.5086937869E-14
  3.3984699902E+01, -1.8493428178E-01, -1.7711487144E-02,  1.4945631319E-14
  3.4084916018E+01, -1.8316775548E-01, -1.7543122400E-02,  1.4804958899E-14
  3.4185610709E+01, -1.8140970681E-01, -1.7375549839E-02,  1.4664921202E-14
  3.4286788637E+01, -1.7966013577E-01, -1.7208769691E-02,  1.4525518823E-14
  3.4388454532E+01, -1.7791904236E-01, -1.7042782187E-02,  1.4386752350E-14
  3.4490613193E+01, -1.7618642659E-01, -1.6877587557E-02,  1.4248622369E-14
  3.4593269490E+01, -1.7446228844E-01, -1.6713186029E-02,  1.4111129463E-14
  3.4696428365E+01, -1.7274662792E-01, -1.6549577831E-02,  1.3974274213E-14
  3.4800094835E+01, -1.7103944504E-01, -1.6386763188E-02,  1.3838057196E-14
  3.4904273990E+01, -1.6934073978E-01, -1.6224742326E-02,  1.3702478984E-14
  3.5008970997E+01, -1.6765051216E-01, -1.6063515467E-02,  1.3567540149E-14
  3.5114191103E+01, -1.6596876217E-01, -1.5903082834E-02,  1.3433241259E-14
  3.5219939633E+01, -1.6429548980E-01, -1.5743444648E-02,  1.3299582878E-14
  3.5326221993E+01, -1.6263069507E-01, -1.5584601129E-02,  1.3166565568E-14
  3.5433043673E+01, -1.6097437797E-01, -1.5426552496E-02,  1.3034189886E-14
  3.5540410248E+01, -1.5932653850E-01, -1.5269298966E-02,  1.2902456389E-14
  3.5648327378E+01, -1.5768717666E-01, -1.5112840756E-02,  1.2771365629E-14
  3.5756800813E+01, -1.5605629245E-01, -1.4957178081E-02,  1.2640918154E-14
  3.5865836392E+01, -1.5443388587E-01, -1.4802311154E-02,  1.2511114511E-14
  3.5975440045E+01, -1.5281995693E-01, -1.4648240188E-02,  1.2381955244E-14
  3.6085617799E+01, -1.5121450561E-01, -1.4494965395E-02,  1.2253440892E-14
  3.6196375774E+01, -1.4961753192E-01, -1.4342486985E-02,  1.2125571992E-14
  3.6307720189E+01, -1.4802903587E-01, -1.4190805168E-02,  1.1998349079E-14
  3.6419657365E+01, -1.4644901744E-01, -1.4039920151E-02,  1.1871772682E-14
  3.6532193721E+01, -1.4487747665E-01, -1.3889832141E-02,  1.1745843331E-14
  3.6645335785E+01, -1.4331441349E-01, -1.3740541344E-02,  1.1620561550E-14
  3.6759090188E+01, -1.4175982795E-01, -1.3592047964E-02,  1.1495927861E-14
  3.6873463672E+01, -1.4021372005E-01, -1.3444352204E-02,  1.1371942783E-14
  3.6988463092E+01, -1.3867608978E-01, -1.3297454267E-02,  1.1248606831E-14
  3.7104095413E+01, -1.3714693714E-01, -1.3151354353E-02,  1.1125920519E-14
  3.7220367720E+01, -1.3562626213E-01, -1.3006052661E-02,  1.1003884356E-14
  3.7337287215E+01, -1.3411406475E-01, -1.2861549391E-02,  1.0882498849E-14
  3.7454861224E+01, -1.3261034500E-01, -1.2717844740E-02,  1.0761764502E-14
  3.7573097195E+01, -1.3111510288E-01, -1.2574938903E-02,  1.0641681816E-14
  3.7692002705E+01, -1.2962833840E-01, -1.2432832076E-02,  1.0522251288E-14
  3.7811585461E+01, -1.2815005154E-01, -1.2291524453E-02,  1.0403473414E-14
  3.7931853303E+01, -1.2668024232E-01, -1.2151016226E-02,  1.0285348684E-14
  3.8052814208E+01, -1.2521891072E-01, -1.2011307586E-02,  1.0167877589E-14
  3.8174476293E+01, -1.2376605676E-01, -1.1872398725E-02,  1.0051060613E-14
  3.8296847817E+01, -1.2232168042E-01, -1.1734289831E-02,  9.9348982401E-15
  3.8419937184E+01, -1.2088578172E-01, -1.1596981091E-02,  9.8193909496E-15
  3.8543752952E+01, -1.1945836065E-01, -1.1460472694E-02,  9.7045392184E-15
  3.8668303827E+01, -1.1803941721E-01, -1.1324764824E-02,  9.5903435207E-15
  3.8793598676E+01, -1.1662895140E-01, -1.1189857665E-02,  9.4768043273E-15
  3.8919646526E+01, -1.1522696322E-01, -1.1055751402E-02,  9.3639221062E-15
  3.9046456567E+01, -1.1383345267E-01, -1.0922446217E-02,  9.2516973226E-15
  3.9174038159E+01, -1.1244841975E-01, -1.0789942289E-02,  9.1401304384E-15
  3.9302400835E+01, -1.1107186446E-01, -1.0658239800E-02,  9.0292219129E-15
  3.9431554306E+01, -1.0970378681E-01, -1.0527338927E-02,  8.9189722021E-15
  3.9561508463E+01, -1.0834418678E-01, -1.0397239848E-02,  8.8093817594E-15
  3.9692273383E+01, -1.0699306439E-01, -1.0267942741E-02,  8.7004510350E-15
  3.9823859336E+01, -1.0565041962E-01, -1.0139447779E-02,  8.5921804762E-15
  3.9956276786E+01, -1.0431625249E-01, -1.0011755136E-02,  8.4845705274E-15
  4.0089536398E+01, -1.0299056298E-01, -9.8848649867E-03,  8.3776216301E-15
  4.0223649044E+01, -1.0167335111E-01, -9.7587775016E-03,  8.2713342229E-15
  4.0358625805E+01, -1.0036461687E-01, -9.6334928514E-03,  8.1657087412E-15
  4.0494477982E+01, -9.9064360259E-02, -9.5090112058E-03,  8.0607456178E-15
  4.0631217094E+01, -9.7772581279E-02, -9.3853327329E-03,  7.9564452823E-15
  4.0768854894E+01, -9.6489279929E-02, -9.2624575998E-03,  7.8528081616E-15
  4.0907403363E+01, -9.5214456210E-02, -9.1403859727E-03,  7.7498346796E-15
  4.1046874729E+01, -9.3948110122E-02, -9.0191180163E-03,  7.6475252571E-15
  4.1187281462E+01, -9.2690241665E-02, -8.8986538943E-03,  7.5458803123E-15
  4.1328636289E+01, -9.1440850838E-02, -8.7789937693E-03,  7.4449002604E-15
  4.1470952197E+01, -9.0199937642E-02, -8.6601378027E-03,  7.3445855134E-15
  4.1614242440E+01, -8.8967502077E-02, -8.5420861548E-03,  7.2449364807E-15
  4.1758520549E+01, -8.7743544142E-02, -8.4248389848E-03,  7.1459535687E-15
  4.1903800337E+01, -8.6528063838E-02, -8.3083964506E-03,  7.0476371809E-15
  4.2050095909E+01, -8.5321061165E-02, -8.1927587092E-03,  6.9499877179E-15
  4.2197421667E+01, -8.4122536122E-02, -8.0779259162E-03,  6.8530055773E-15
  4.2345792324E+01, -8.2932488711E-02, -7.9638982262E-03,  6.7566911541E-15
  4.2495222908E+01, -8.1750918930E-02, -7.8506757927E-03,  6.6610448400E-15
  4.2645728773E+01, -8.0577826779E-02, -7.7382587681E-03,  6.5660670241E-15
  4.2797325607E+01, -7.9413212260E-02, -7.6266473034E-03,  6.4717580925E-15
  4.2950029445E+01, -7.8257075371E-02, -7.5158415488E-03,  6.3781184285E-15
  4.3103856678E+01, -7.7109416113E-02, -7.4058416533E-03,  6.2851484123E-15
  4.3258824059E+01, -7.5970234485E-02, -7.2966477645E-03,  6.1928484215E-15
  4.3414948723E+01, -7.4839530488E-02, -7.1882600292E-03,  6.1012188306E-15
  4.3572248189E+01, -7.3717304122E-02, -7.0806785928E-03,  6.0102600113E-15
  4.3730740379E+01, -7.2603555387E-02, -6.9739035999E-03,  5.9199723324E-15
  4.3890443625E+01, -7.1498284282E-02, -6.8679351938E-03,  5.8303561599E-15
  4.4051376685E+01, -7.0401490809E-02, -6.7627735164E-03,  5.7414118570E-15
  4.4213558757E+01, -6.9313174965E-02, -6.6584187090E-03,  5.6531397837E-15
  4.4377009489E+01, -6.8233336753E-02, -6.5548709114E-03,  5.5655402974E-15
  4.4541748997E+01, -6.7161976171E-02, -6.4521302623E-03,  5.4786137526E-15
  4.4707797876E+01, -6.6099093220E-02, -6.3501968995E-03,  5.3923605009E-15
  4.4875177220E+01, -6.5044687900E-02, -6.2490709595E-03,  5.3067808911E-15
  4.5043908635E+01, -6.3998760210E-02, -6.1487525778E-03,  5.2218752690E-15
  4.5214014257E+01, -6.2961310151E-02, -6.0492418885E-03,  5.1376439776E-15
  4.5385516769E+01, -6.1932337723E-02, -5.9505390250E-03,  5.0540873573E-15
  4.5558439419E+01, -6.0911842926E-02, -5.8526441192E-03,  4.9712057451E-15
  4.5732806040E+01, -5.9899825759E-02, -5.7555573021E-03,  4.8889994758E-15
  4.5908641068E+01, -5.8896286223E-02, -5.6592787036E-03,  4.8074688807E-15
  4.6085969565E+01, -5.7901224318E-02, -5.5638084523E-03,  4.7266142888E-15
  4.6264817237E+01, -5.6914640043E-02, -5.4691466759E-03,  4.6464360260E-15
  4.6445210460E+01, -5.5936533399E-02, -5.3752935008E-03,  4.5669344153E-15
  4.6627176301E+01, -5.4966904386E-02, -5.2822490524E-03,  4.4881097769E-15
  4.6810742545E+01, -5.4005753004E-02, -5.1900134549E-03,  4.4099624283E-15
  4.6995937715E+01, -5.3053079252E-02, -5.0985868315E-03,  4.3324926840E-15
  4.7182791107E+01, -5.2108883131E-02, -5.0079693043E-03,  4.2557008558E-15
  4.7371332810E+01, -5.1173164641E-02, -4.9181609940E-03,  4.1795872525E-15
  4.7561593739E+01, -5.0245923781E-02, -4.8291620207E-03,  4.1041521802E-15
  4.7753605665E+01, -4.9327160552E-02, -4.7409725028E-03,  4.0293959420E-15
  4.7947401248E+01, -4.8416874954E-02, -4.6535925581E-03,  3.9553188385E-15
  4.8143014066E+01, -4.7515066987E-02, -4.5670223031E-03,  3.8819211671E-15
  4.8340478656E+01, -4.6621736650E-02, -4.4812618530E-03,  3.8092032226E-15
  4.8539830546E+01, -4.5736883944E-02, -4.3963113221E-03,  3.7371652969E-15
  4.8741106296E+01, -4.4860508869E-02, -4.3121708237E-03,  3.6658076790E-15
  4.8944343536E+01, -4.3992611424E-02, -4.2288404697E-03,  3.5951306553E-15
  4.9149581011E+01, -4.3133191611E-02, -4.1463203712E-03,  3.5251345092E-15
  4.9356858624E+01, -4.2282249427E-02, -4.0646106379E-03,  3.4558195213E-15
  4.9566217482E+01, -4.1439784875E-02, -3.9837113786E-03,  3.3871859694E-15
  4.9777699946E+01, -4.0605797953E-02, -3.9036227009E-03,  3.3192341285E-15
  4.9991349681E+01, -3.9780288662E-02, -3.8243447114E-03,  3.2519642708E-15
  5.0207211714E+01, -3.8963257002E-02, -3.7458775155E-03,  3.1853766656E-15
  5.0425332485E+01, -3.8154702973E-02, -3.6682212176E-03,  3.1194715795E-15
  5.0645759912E+01, -3.7354626574E-02, -3.5913759208E-03,  3.0542492763E-15
  5.0868543453E+01, -3.6563027806E-02, -3.5153417273E-03,  2.9897100168E-15
  5.1093734171E+01, -3.5779906668E-02, -3.4401187381E-03,  2.9258540592E-15
  5.1321384807E+01, -3.5005263162E-02, -3.3657070532E-03,  2.8626816589E-15
  5.1551549852E+01, -3.4239097286E-02, -3.2921067713E-03,  2.8001930683E-15
  5.1784285625E+01, -3.3481409040E-02, -3.2193179903E-03,  2.7383885371E-15
  5.2019650360E+01, -3.2732198426E-02, -3.1473408068E-03,  2.6772683123E-15
  5.2257704288E+01, -3.1991465442E-02, -3.0761753162E-03,  2.6168326379E-15
  5.2498509731E+01, -3.1259210089E-02, -3.0058216131E-03,  2.5570817553E-15
  5.2742131205E+01, -3.0535432367E-02, -2.9362797907E-03,  2.4980159031E-15
  5.2988635516E+01, -2.9820132275E-02, -2.8675499414E-03,  2.4396353168E-15
  5.3238091876E+01, -2.9113309814E-02, -2.7996321563E-03,  2.3819402295E-15
  5.3490572018E+01, -2.8414964984E-02, -2.7325265255E-03,  2.3249308713E-15
  5.3746150319E+01, -2.7725097784E-02, -2.6662331379E-03,  2.2686074695E-15
  5.4004903931E+01, -2.7043708215E-02, -2.6007520814E-03,  2.2129702486E-15
  5.4266912925E+01, -2.6370796277E-02, -2.5360834428E-03,  2.1580194305E-15
  5.4532260434E+01, -2.5706361970E-02, -2.4722273078E-03,  2.1037552340E-15
  5.4801032818E+01, -2.5050405293E-02, -2.4091837610E-03,  2.0501778754E-15
  5.5073319825E+01, -2.4402926247E-02, -2.3469528859E-03,  1.9972875680E-15
  5.5349214779E+01, -2.3763924832E-02, -2.2855347649E-03,  1.9450845225E-15
  5.5628814767E+01, -2.3133401048E-02, -2.2249294794E-03,  1.8935689467E-15
  5.5912220846E+01, -2.2511354894E-02, -2.1651371095E-03,  1.8427410456E-15
  5.6199538262E+01, -2.1897786371E-02, -2.1061577344E-03,  1.7926010215E-15
  5.6490876685E+01, -2.1292695479E-02, -2.0479914323E-03,  1.7431490738E-15
  5.6786350460E+01, -2.0696082217E-02, -1.9906382800E-03,  1.6943853992E-15
  5.7086078878E+01, -2.0107946586E-02, -1.9340983534E-03,  1.6463101917E-15
  5.7390186464E+01, -1.9528288586E-02, -1.8783717274E-03,  1.5989236424E-15
  5.7698803288E+01, -1.8957108216E-02, -1.8234584756E-03,  1.5522259397E-15
  5.8012065299E+01, -1.8394405478E-02, -1.7693586707E-03,  1.5062172691E-15
  5.8330114685E+01, -1.7840180369E-02, -1.7160723841E-03,  1.4608978134E-15
  5.8653100262E+01, -1.7294432892E-02, -1.6635996865E-03,  1.4162677528E-15
  5.8981177890E+01, -1.6757163045E-02, -1.6119406470E-03,  1.3723272643E-15
  5.9314510927E+01, -1.6228370830E-02, -1.5610953340E-03,  1.3290765226E-15
  5.9653270715E+01, -1.5708056244E-02, -1.5110638147E-03,  1.2865156994E-15
  5.9997637113E+01, -1.5196219290E-02, -1.4618461551E-03,  1.2446449635E-15
  6.0347799067E+01, -1.4692859966E-02, -1.4134424204E-03,  1.2034644813E-15
  6.0703955233E+01, -1.4197978273E-02, -1.3658526744E-03,  1.1629744160E-15
  6.1066314659E+01, -1.3711574211E-02, -1.3190769800E-03,  1.1231749283E-15
  6.1435097516E+01, -1.3233647779E-02, -1.2731153989E-03,  1.0840661761E-15
  6.1810535906E+01, -1.2764198978E-02, -1.2279679920E-03,  1.0456483145E-15
  6.2192874736E+01, -1.2303227808E-02, -1.1836348186E-03,  1.0079214958E-15
  6.2582372682E+01, -1.1850734269E-02, -1.1401159375E-03,  9.7088586968E-16
  6.2979303238E+01, -1.1406718360E-02, -1.0974114060E-03,  9.3454158285E-16
  6.3383955871E+01, -1.0971180082E-02, -1.0555212805E-03,  8.9888877940E-16
  6.3796637289E+01, -1.0544119435E-02, -1.0144456163E-03,  8.6392760059E-16
  6.4217672838E+01, -1.0125536418E-02, -9.7418446752E-04,  8.2965818497E-16
  6.4647408043E+01, -9.7154310320E-03, -9.3473788734E-04,  7.9608066829E-16
  6.5086210314E+01, -9.3138032768E-03, -8.9610592779E-04,  7.6319518355E-16
  6.5534470833E+01, -8.9206531524E-03, -8.5828863981E-04,  7.3100186099E-16
  6.5992606648E+01, -8.5359806587E-03, -8.2128607330E-04,  6.9950082810E-16
  6.6461063009E+01, -8.1597857956E-03, -7.8509827704E-04,  6.6869220960E-16
  6.6940315965E+01, -7.7920685633E-03, -7.4972529876E-04,  6.3857612745E-16
  6.7430875277E+01, -7.4328289617E-03, -7.1516718509E-04,  6.0915270087E-16
  6.7933287674E+01, -7.0820669909E-03, -6.8142398160E-04,  5.8042204630E-16
  6.8448140517E+01, -6.7397826507E-03, -6.4849573277E-04,  5.5238427745E-16
  6.8976065930E+01, -6.4059759413E-03, -6.1638248200E-04,  5.2503950525E-16
  6.9517745466E+01, -6.0806468625E-03, -5.8508427161E-04,  4.9838783788E-16
  7.0073915397E+01, -5.7637954145E-03, -5.5460114287E-04,  4.7242938079E-16
  7.0645372738E+01, -5.4554215972E-03, -5.2493313592E-04,  4.4716423664E-16
  7.1232982112E+01, -5.1555254107E-03, -4.9608028988E-04,  4.2259250536E-16
  7.1837683625E+01, -4.8641068548E-03, -4.6804264276E-04,  3.9871428413E-16
  7.2460501912E+01, -4.5811659296E-03, -4.4082023149E-04,  3.7552966735E-16
  7.3102556589E+01, -4.3067026352E-03, -4.1441309193E-04,  3.5303874670E-16
  7.3765074366E+01, -4.0407169715E-03, -3.8882125888E-04,  3.3124161109E-16
  7.4449403155E+01, -3.7832089385E-03, -3.6404476604E-04,  3.1013834669E-16
  7.5157028587E+01, -3.5341785362E-03, -3.4008364604E-04,  2.8972903690E-16
  7.5889593429E+01, -3.2936257647E-03, -3.1693793044E-04,  2.7001376240E-16
  7.6648920568E+01, -3.0615506238E-03, -2.9460764973E-04,  2.5099260110E-16
  7.7437040337E+01, -2.8379531137E-03, -2.7309283331E-04,  2.3266562816E-16
  7.8256223240E+01, -2.6228332342E-03, -2.5239350950E-04,  2.1503291599E-16
  7.9109019395E+01, -2.4161909855E-03, -2.3250970557E-04,  1.9809453427E-16
  7.9998306419E+01, -2.2180263676E-03, -2.1344144768E-04,  1.8185054991E-16
  8.0927348029E+01, -2.0283393803E-03, -1.9518876096E-04,  1.6630102709E-16
  8.1899866356E+01, -1.8471300237E-03, -1.7775166941E-04,  1.5144602722E-16
  8.2920132040E+01, -1.6743982979E-03, -1.6113019601E-04,  1.3728560898E-16
  8.3993077597E+01, -1.5101442028E-03, -1.4532436263E-04,  1.2381982831E-16
  8.5124441679E+01, -1.3543677384E-03, -1.3033419007E-04,  1.1104873837E-16
  8.6320954928E+01, -1.2070689047E-03, -1.1615969807E-04,  9.8972389620E-17
  8.7590582664E+01, -1.0682477017E-03, -1.0280090527E-04,  8.7590829735E-17
  8.8942846677E+01, -9.3790412945E-04, -9.0257829272E-05,  7.6904103662E-17
  9.0389259202E+01, -8.1603818790E-04, -7.8530486573E-05,  6.6912253599E-17
  9.1943919560E+01, -7.0264987708E-04, -6.7618892608E-05,  5.7615318997E-17
  9.3624352620E+01, -5.9773919697E-04, -5.7523061738E-05,  4.9013336563E-17
  9.5452717153E+01, -5.0130614757E-04, -4.8243007247E-05,  4.1106340260E-17
  9.7457599022E+01, -4.1335072889E-04, -3.9778741348E-05,  3.3894361304E-17
  9.9676765708E+01, -3.3387294093E-04, -3.2130275179E-05,  2.7377428166E-17
  1.0216157578E+02, -2.6287278369E-04, -2.5297618805E-05,  2.1555566575E-17
  1.0388042217E+02, -2.2280273225E-04, -2.1441491022E-05,  1.8269879425E-17
